/*
SQLyog Ultimate v11.5 (64 bit)
MySQL - 5.5.13 : Database - ge_ram_labrad
*********************************************************************
*/

/*!40101 SET NAMES utf8 */;

/*!40101 SET SQL_MODE=''*/;

/*!40014 SET @OLD_UNIQUE_CHECKS=@@UNIQUE_CHECKS, UNIQUE_CHECKS=0 */;
/*!40014 SET @OLD_FOREIGN_KEY_CHECKS=@@FOREIGN_KEY_CHECKS, FOREIGN_KEY_CHECKS=0 */;
/*!40101 SET @OLD_SQL_MODE=@@SQL_MODE, SQL_MODE='NO_AUTO_VALUE_ON_ZERO' */;
/*!40111 SET @OLD_SQL_NOTES=@@SQL_NOTES, SQL_NOTES=0 */;
CREATE DATABASE /*!32312 IF NOT EXISTS*/`ge_ram_labrad` /*!40100 DEFAULT CHARACTER SET utf8 */;

USE `ge_ram_labrad`;

/*Table structure for table `applog` */

DROP TABLE IF EXISTS `applog`;

CREATE TABLE `applog` (
  `aid` int(10) unsigned NOT NULL,
  `aname` varchar(20) NOT NULL DEFAULT '',
  `aver` varchar(10) NOT NULL DEFAULT '',
  `adate` timestamp NOT NULL DEFAULT CURRENT_TIMESTAMP,
  `alog` text,
  `aupdate` timestamp NOT NULL DEFAULT '0000-00-00 00:00:00',
  `h` char(32) DEFAULT NULL,
  PRIMARY KEY (`aid`) USING BTREE,
  KEY `adate` (`adate`) USING BTREE
) ENGINE=InnoDB DEFAULT CHARSET=utf8;

/*Data for the table `applog` */

insert  into `applog`(`aid`,`aname`,`aver`,`adate`,`alog`,`aupdate`,`h`) values (1,'ApotecansV2','2.1','2017-05-03 18:23:49',NULL,'2017-05-03 18:23:49','d26906aa089b4f0952a19e70823cd41a');

/*Table structure for table `dokterpemeriksa` */

DROP TABLE IF EXISTS `dokterpemeriksa`;

CREATE TABLE `dokterpemeriksa` (
  `penunjang` enum('laboratorium','radiologi') NOT NULL,
  `iddokter` varchar(5) DEFAULT NULL,
  PRIMARY KEY (`penunjang`)
) ENGINE=InnoDB DEFAULT CHARSET=utf8 PACK_KEYS=0;

/*Data for the table `dokterpemeriksa` */

insert  into `dokterpemeriksa`(`penunjang`,`iddokter`) values ('laboratorium','00005'),('radiologi','00016');

/*Table structure for table `ekg_film` */

DROP TABLE IF EXISTS `ekg_film`;

CREATE TABLE `ekg_film` (
  `idfilm` int(11) NOT NULL AUTO_INCREMENT,
  `namafilm` varchar(20) DEFAULT NULL,
  `ukuran` int(11) DEFAULT '0',
  PRIMARY KEY (`idfilm`) USING BTREE
) ENGINE=InnoDB DEFAULT CHARSET=utf8 AVG_ROW_LENGTH=5461;

/*Data for the table `ekg_film` */

/*Table structure for table `ekg_filmtemp` */

DROP TABLE IF EXISTS `ekg_filmtemp`;

CREATE TABLE `ekg_filmtemp` (
  `iditemekg` int(11) NOT NULL,
  `idfilm` int(11) NOT NULL,
  `namafilm` varchar(20) DEFAULT NULL,
  `digunakan` int(11) DEFAULT '0',
  `ditolak` int(11) DEFAULT '0',
  PRIMARY KEY (`iditemekg`,`idfilm`)
) ENGINE=InnoDB DEFAULT CHARSET=utf8;

/*Data for the table `ekg_filmtemp` */

/*Table structure for table `ekg_grup` */

DROP TABLE IF EXISTS `ekg_grup`;

CREATE TABLE `ekg_grup` (
  `idgrup` int(11) NOT NULL AUTO_INCREMENT,
  `grup` varchar(30) CHARACTER SET latin1 DEFAULT NULL,
  PRIMARY KEY (`idgrup`) USING BTREE
) ENGINE=InnoDB DEFAULT CHARSET=utf8 AVG_ROW_LENGTH=5461;

/*Data for the table `ekg_grup` */

/*Table structure for table `ekg_itembiaya_rawatinap` */

DROP TABLE IF EXISTS `ekg_itembiaya_rawatinap`;

CREATE TABLE `ekg_itembiaya_rawatinap` (
  `iditemekg` int(11) NOT NULL,
  `kodekelas` varchar(2) NOT NULL,
  `biaya` decimal(19,4) DEFAULT '0.0000',
  PRIMARY KEY (`iditemekg`,`kodekelas`) USING BTREE,
  KEY `iditemekg` (`iditemekg`) USING BTREE,
  CONSTRAINT `ekg_itembiaya_rawatinap_iditemekg` FOREIGN KEY (`iditemekg`) REFERENCES `ekg_itempemeriksaan` (`iditemekg`) ON DELETE CASCADE
) ENGINE=InnoDB DEFAULT CHARSET=utf8 AVG_ROW_LENGTH=143;

/*Data for the table `ekg_itembiaya_rawatinap` */

/*Table structure for table `ekg_itempemeriksaan` */

DROP TABLE IF EXISTS `ekg_itempemeriksaan`;

CREATE TABLE `ekg_itempemeriksaan` (
  `iditemekg` int(11) NOT NULL AUTO_INCREMENT,
  `namaitem` varchar(50) CHARACTER SET latin1 DEFAULT NULL,
  `biaya_rawatjalan` decimal(19,4) DEFAULT '0.0000',
  `biaya_pasienluar` decimal(19,4) DEFAULT '0.0000',
  `idgrup` int(11) DEFAULT NULL,
  `dokterbaca_lk` text,
  `dokterbaca_pr` text,
  `tgledit` timestamp NULL DEFAULT CURRENT_TIMESTAMP,
  `idklaim` int(11) NOT NULL DEFAULT '0',
  PRIMARY KEY (`iditemekg`) USING BTREE
) ENGINE=InnoDB AUTO_INCREMENT=97 DEFAULT CHARSET=utf8 AVG_ROW_LENGTH=1328;

/*Data for the table `ekg_itempemeriksaan` */

/*Table structure for table `ekg_kalibrasi` */

DROP TABLE IF EXISTS `ekg_kalibrasi`;

CREATE TABLE `ekg_kalibrasi` (
  `notest` varchar(20) NOT NULL,
  `irama` varchar(20) NOT NULL DEFAULT '-',
  `irama_keterangan` varchar(50) NOT NULL DEFAULT '-',
  `frekuensi_hr_keterangan` varchar(50) NOT NULL DEFAULT '-',
  `gelombang_p` varchar(20) NOT NULL DEFAULT '-',
  `gelombang_p_keterangan` varchar(50) NOT NULL DEFAULT '-',
  `interval_pr` varchar(20) NOT NULL DEFAULT '-',
  `interval_pr_keterangan` varchar(50) NOT NULL DEFAULT '-',
  `gelombang_qrs` varchar(20) NOT NULL DEFAULT '-',
  `gelombang_qrs_keterangan` varchar(50) NOT NULL DEFAULT '-',
  `segmen_st` varchar(20) NOT NULL DEFAULT '-',
  `segmen_st_keterangan` varchar(50) NOT NULL DEFAULT '-',
  `gelombang_t` varchar(20) NOT NULL DEFAULT '-',
  `gelombang_t_keterangan` varchar(50) NOT NULL DEFAULT '-',
  `axis` varchar(20) NOT NULL DEFAULT '-',
  `axis_keterangan` varchar(50) NOT NULL DEFAULT '-',
  `q_patologis` varchar(50) NOT NULL DEFAULT '-',
  `kesimpulan` varchar(150) NOT NULL DEFAULT '-',
  `kelainan_lain` varchar(150) NOT NULL DEFAULT '-'
) ENGINE=InnoDB DEFAULT CHARSET=utf8 AVG_ROW_LENGTH=328;

/*Data for the table `ekg_kalibrasi` */

/*Table structure for table `ekg_pasienluar` */

DROP TABLE IF EXISTS `ekg_pasienluar`;

CREATE TABLE `ekg_pasienluar` (
  `notest` varchar(20) NOT NULL,
  `namapasien` varchar(50) DEFAULT NULL,
  `alamat` varchar(60) DEFAULT NULL,
  `jeniskelamin` enum('laki-laki','perempuan') DEFAULT NULL,
  `tgllahir` date DEFAULT NULL,
  `telepon` varchar(50) DEFAULT NULL,
  PRIMARY KEY (`notest`) USING BTREE
) ENGINE=InnoDB DEFAULT CHARSET=utf8 AVG_ROW_LENGTH=16384;

/*Data for the table `ekg_pasienluar` */

/*Table structure for table `ekg_subgrup` */

DROP TABLE IF EXISTS `ekg_subgrup`;

CREATE TABLE `ekg_subgrup` (
  `idgrup` int(11) NOT NULL,
  `idsubgrup` int(11) NOT NULL AUTO_INCREMENT,
  `kodesubgrup` varchar(10) DEFAULT NULL,
  `subgrup` varchar(30) DEFAULT NULL,
  PRIMARY KEY (`idgrup`,`idsubgrup`) USING BTREE,
  UNIQUE KEY `kodesubgrup` (`kodesubgrup`) USING BTREE,
  KEY `idsubgrup` (`idsubgrup`) USING BTREE,
  CONSTRAINT `ekg_subgrup_ekg_grup` FOREIGN KEY (`idgrup`) REFERENCES `ekg_grup` (`idgrup`) ON UPDATE CASCADE
) ENGINE=InnoDB AUTO_INCREMENT=20 DEFAULT CHARSET=utf8 AVG_ROW_LENGTH=910;

/*Data for the table `ekg_subgrup` */

/*Table structure for table `ekg_test` */

DROP TABLE IF EXISTS `ekg_test`;

CREATE TABLE `ekg_test` (
  `notest` varchar(20) NOT NULL,
  `nodaftar` varchar(20) DEFAULT NULL,
  `tgltest` datetime DEFAULT NULL,
  `norm` varchar(10) DEFAULT NULL,
  `idkaryawan` varchar(20) DEFAULT NULL,
  `iddokter_periksa` varchar(20) DEFAULT NULL,
  `iddokter_kirim` varchar(20) DEFAULT NULL,
  `dokterluar` varchar(50) DEFAULT NULL,
  `keterangan` text,
  `statushasil` tinyint(1) DEFAULT '0',
  `iduser` int(11) DEFAULT NULL,
  `jenisrawat` enum('rawat jalan','rawat inap','pasien luar') DEFAULT 'rawat jalan',
  `cito` tinyint(1) DEFAULT '0',
  `kodepoli` varchar(5) DEFAULT NULL,
  `tgledit` timestamp NULL DEFAULT CURRENT_TIMESTAMP,
  `kodekamar` varchar(5) DEFAULT NULL,
  `tglambil` datetime DEFAULT NULL,
  `terbayar` tinyint(1) DEFAULT '0',
  `diagnosa` text,
  PRIMARY KEY (`notest`) USING BTREE
) ENGINE=InnoDB DEFAULT CHARSET=utf8 AVG_ROW_LENGTH=115;

/*Data for the table `ekg_test` */

/*Table structure for table `ekg_testdetail` */

DROP TABLE IF EXISTS `ekg_testdetail`;

CREATE TABLE `ekg_testdetail` (
  `notest` varchar(20) NOT NULL,
  `iditemekg` int(11) NOT NULL,
  `nourut` int(11) NOT NULL,
  `biaya` decimal(19,4) DEFAULT NULL,
  `dokterbaca` text,
  `kilovolt` decimal(19,4) DEFAULT '0.0000',
  `milliamperesecond` decimal(19,4) DEFAULT '0.0000',
  `expose` int(11) DEFAULT '0',
  `idklaim` int(11) NOT NULL DEFAULT '0',
  PRIMARY KEY (`notest`,`iditemekg`,`nourut`) USING BTREE
) ENGINE=InnoDB DEFAULT CHARSET=utf8 AVG_ROW_LENGTH=328;

/*Data for the table `ekg_testdetail` */

/*Table structure for table `ekg_testfile` */

DROP TABLE IF EXISTS `ekg_testfile`;

CREATE TABLE `ekg_testfile` (
  `notest` varchar(20) NOT NULL,
  `idfile` int(11) NOT NULL AUTO_INCREMENT,
  `namafile` varchar(50) DEFAULT NULL,
  `nama_field` varchar(230) DEFAULT NULL,
  `tgledit` timestamp NULL DEFAULT CURRENT_TIMESTAMP,
  PRIMARY KEY (`notest`,`idfile`) USING BTREE,
  KEY `idfile` (`idfile`) USING BTREE
) ENGINE=InnoDB AUTO_INCREMENT=7 DEFAULT CHARSET=utf8;

/*Data for the table `ekg_testfile` */

/*Table structure for table `ekg_testfilm` */

DROP TABLE IF EXISTS `ekg_testfilm`;

CREATE TABLE `ekg_testfilm` (
  `notest` varchar(20) NOT NULL,
  `iditemekg` int(11) NOT NULL,
  `idfilm` int(11) NOT NULL,
  `digunakan` int(11) DEFAULT '0',
  `ditolak` int(11) DEFAULT '0',
  PRIMARY KEY (`notest`,`iditemekg`,`idfilm`) USING BTREE
) ENGINE=InnoDB DEFAULT CHARSET=utf8 AVG_ROW_LENGTH=74;

/*Data for the table `ekg_testfilm` */

/*Table structure for table `eklaimbpjs` */

DROP TABLE IF EXISTS `eklaimbpjs`;

CREATE TABLE `eklaimbpjs` (
  `idklaim` int(11) NOT NULL AUTO_INCREMENT,
  `nama` varchar(50) DEFAULT NULL,
  `tgledit` timestamp NULL DEFAULT CURRENT_TIMESTAMP ON UPDATE CURRENT_TIMESTAMP,
  PRIMARY KEY (`idklaim`) USING BTREE
) ENGINE=InnoDB AUTO_INCREMENT=6 DEFAULT CHARSET=utf8;

/*Data for the table `eklaimbpjs` */

insert  into `eklaimbpjs`(`idklaim`,`nama`,`tgledit`) values (1,'=TANPA KLAIM=','2019-02-19 12:37:38'),(2,'Laboratorium','2019-02-19 12:37:38'),(3,'Radiologi','2019-02-19 12:37:38'),(4,'EKG','2022-06-27 10:29:52'),(5,'Pemeriksaan Lain','2022-06-27 10:29:52');

/*Table structure for table `jabatan` */

DROP TABLE IF EXISTS `jabatan`;

CREATE TABLE `jabatan` (
  `idjabatan` int(11) NOT NULL AUTO_INCREMENT,
  `nama` varchar(50) DEFAULT NULL,
  `tgledit` timestamp NULL DEFAULT CURRENT_TIMESTAMP,
  `tampil` int(1) NOT NULL DEFAULT '0',
  PRIMARY KEY (`idjabatan`) USING BTREE
) ENGINE=InnoDB AUTO_INCREMENT=27 DEFAULT CHARSET=utf8 AVG_ROW_LENGTH=8192;

/*Data for the table `jabatan` */

insert  into `jabatan`(`idjabatan`,`nama`,`tgledit`,`tampil`) values (1,'Perawat Operasi','2016-04-04 17:10:42',0),(5,'Staff','2022-06-21 08:56:00',0),(9,'Radiologi','2022-06-21 08:56:00',0),(19,'Rohaniawan','2022-06-21 08:56:00',0),(21,'laboraturium','2022-06-21 08:56:00',0),(22,'kasir','2022-06-21 08:56:00',0),(26,'Keuangan','2022-06-21 08:56:00',0);

/*Table structure for table `jabatan_lock` */

DROP TABLE IF EXISTS `jabatan_lock`;

CREATE TABLE `jabatan_lock` (
  `lock` varchar(20) NOT NULL,
  `idjabatan` int(11) NOT NULL,
  PRIMARY KEY (`lock`) USING BTREE,
  UNIQUE KEY `jabatan_lock_idx1` (`idjabatan`) USING BTREE,
  CONSTRAINT `jabatan_lock_fk1` FOREIGN KEY (`idjabatan`) REFERENCES `jabatan` (`idjabatan`)
) ENGINE=InnoDB DEFAULT CHARSET=utf8 AVG_ROW_LENGTH=8192;

/*Data for the table `jabatan_lock` */

insert  into `jabatan_lock`(`lock`,`idjabatan`) values ('Radiologi',9),('Laboraturium',21);

/*Table structure for table `karyawan` */

DROP TABLE IF EXISTS `karyawan`;

CREATE TABLE `karyawan` (
  `idkaryawan` int(11) NOT NULL AUTO_INCREMENT,
  `nik` varchar(20) NOT NULL,
  `noktp` varchar(30) DEFAULT '',
  `nama` varchar(40) DEFAULT '',
  `jnskelamin` enum('Laki-laki','Perempuan') DEFAULT NULL,
  `alamat` varchar(100) DEFAULT '',
  `notelp` varchar(20) DEFAULT '',
  `idjabatan` int(11) DEFAULT NULL,
  `tptlahir` varchar(30) DEFAULT '',
  `tgllahir` date DEFAULT NULL,
  `goldarah` varchar(2) DEFAULT '',
  `img` blob,
  `tgledit` timestamp NULL DEFAULT CURRENT_TIMESTAMP,
  PRIMARY KEY (`idkaryawan`) USING BTREE,
  KEY `idjabatan` (`idjabatan`) USING BTREE,
  CONSTRAINT `karyawan_jabatan` FOREIGN KEY (`idjabatan`) REFERENCES `jabatan` (`idjabatan`) ON UPDATE CASCADE
) ENGINE=InnoDB AUTO_INCREMENT=5 DEFAULT CHARSET=utf8 AVG_ROW_LENGTH=2048;

/*Data for the table `karyawan` */

insert  into `karyawan`(`idkaryawan`,`nik`,`noktp`,`nama`,`jnskelamin`,`alamat`,`notelp`,`idjabatan`,`tptlahir`,`tgllahir`,`goldarah`,`img`,`tgledit`) values (1,'003','33070111111111111','MUJI HARJIONO. Amd.Ak','Laki-laki','Kebumen','08315876588',1,'kebumen','2020-09-18','B',NULL,'2020-09-18 19:32:37'),(2,'00001','','Laily Nur Indah Sari, Amd. Kep','','','',22,'','2019-02-01','',NULL,'2022-06-21 08:56:00'),(3,'00016','','Muhammad Taukhit','Laki-laki','','',5,'','2019-02-03','',NULL,'2022-06-21 08:56:01'),(4,'00020','33070111111111111','Muji Harjiono. Amd.Ak','Laki-laki','Kebumen','08315876588',1,'kebumen','2020-09-18','B',NULL,'2022-06-21 08:56:01');

/*Table structure for table `lab_grup` */

DROP TABLE IF EXISTS `lab_grup`;

CREATE TABLE `lab_grup` (
  `idgrup` int(11) NOT NULL AUTO_INCREMENT,
  `kode` varchar(10) DEFAULT NULL,
  `grup` varchar(30) CHARACTER SET latin1 DEFAULT NULL,
  PRIMARY KEY (`idgrup`) USING BTREE,
  UNIQUE KEY `kode` (`kode`) USING BTREE
) ENGINE=InnoDB AUTO_INCREMENT=12 DEFAULT CHARSET=utf8 AVG_ROW_LENGTH=1489;

/*Data for the table `lab_grup` */

insert  into `lab_grup`(`idgrup`,`kode`,`grup`) values (1,'00','NONE'),(2,'IM','IMUNOSEROLOGI'),(3,'BB','BLOOD BANK'),(4,'LL','LAIN-LAIN'),(5,'CO','CAIRAN OTAK'),(6,'KM','KIMIA KLINIK'),(7,'UR','URINE'),(8,'HM','HEMATOLOGI'),(9,'PA','PATOLOGI ANATOMI'),(10,'MB','MIKROBIOLOGI'),(11,'FC','FESES');

/*Table structure for table `lab_itembiaya_rawatinap` */

DROP TABLE IF EXISTS `lab_itembiaya_rawatinap`;

CREATE TABLE `lab_itembiaya_rawatinap` (
  `iditemlab` int(11) NOT NULL,
  `kodekelas` varchar(2) NOT NULL,
  `biaya` decimal(19,4) DEFAULT '0.0000',
  PRIMARY KEY (`iditemlab`,`kodekelas`) USING BTREE,
  KEY `iditemlab` (`iditemlab`) USING BTREE
) ENGINE=InnoDB DEFAULT CHARSET=utf8 AVG_ROW_LENGTH=143;

/*Data for the table `lab_itembiaya_rawatinap` */

insert  into `lab_itembiaya_rawatinap`(`iditemlab`,`kodekelas`,`biaya`) values (12,'01','17000.0000'),(12,'02','17000.0000'),(12,'03','17000.0000'),(12,'04','17000.0000'),(12,'05','17000.0000'),(27,'01','28000.0000'),(27,'02','28000.0000'),(27,'03','28000.0000'),(27,'04','28000.0000'),(27,'05','28000.0000'),(92,'01','28000.0000'),(92,'02','28000.0000'),(92,'03','28000.0000'),(92,'04','28000.0000'),(92,'05','28000.0000'),(183,'01','55000.0000'),(183,'02','55000.0000'),(183,'03','55000.0000'),(183,'04','55000.0000'),(183,'05','55000.0000'),(192,'01','75000.0000'),(192,'02','75000.0000'),(192,'03','75000.0000'),(192,'04','75000.0000'),(192,'05','75000.0000'),(201,'01','11000.0000'),(201,'02','11000.0000'),(201,'03','11000.0000'),(201,'04','11000.0000'),(201,'05','11000.0000'),(237,'01','0.0000'),(237,'02','0.0000'),(237,'03','0.0000'),(237,'04','0.0000'),(237,'05','0.0000'),(239,'01','19000.0000'),(239,'02','19000.0000'),(239,'03','19000.0000'),(239,'04','19000.0000'),(239,'05','19000.0000'),(239,'06','0.0000'),(239,'07','0.0000'),(240,'01','19000.0000'),(240,'02','19000.0000'),(240,'03','19000.0000'),(240,'04','19000.0000'),(240,'05','19000.0000'),(240,'06','0.0000'),(240,'07','0.0000'),(241,'01','19000.0000'),(241,'02','19000.0000'),(241,'03','19000.0000'),(241,'04','19000.0000'),(241,'05','19000.0000'),(253,'01','11000.0000'),(253,'02','11000.0000'),(253,'03','11000.0000'),(253,'04','11000.0000'),(253,'05','11000.0000'),(273,'01','39000.0000'),(273,'02','39000.0000'),(273,'03','39000.0000'),(273,'04','39000.0000'),(273,'05','39000.0000'),(285,'01','11000.0000'),(285,'02','11000.0000'),(285,'03','11000.0000'),(285,'04','11000.0000'),(285,'05','11000.0000'),(296,'01','75000.0000'),(296,'02','75000.0000'),(296,'03','75000.0000'),(296,'04','75000.0000'),(296,'05','75000.0000'),(297,'01','75000.0000'),(297,'02','75000.0000'),(297,'03','75000.0000'),(297,'04','75000.0000'),(297,'05','75000.0000'),(369,'01','28000.0000'),(369,'02','28000.0000'),(369,'03','28000.0000'),(369,'04','28000.0000'),(369,'05','28000.0000'),(373,'01','28000.0000'),(373,'02','28000.0000'),(373,'03','28000.0000'),(373,'04','28000.0000'),(373,'05','28000.0000'),(381,'01','11000.0000'),(381,'02','11000.0000'),(381,'03','11000.0000'),(381,'04','11000.0000'),(381,'05','11000.0000'),(388,'01','11000.0000'),(388,'02','11000.0000'),(388,'03','11000.0000'),(388,'04','11000.0000'),(388,'05','11000.0000'),(414,'01','11000.0000'),(414,'02','11000.0000'),(414,'03','11000.0000'),(414,'04','11000.0000'),(414,'05','11000.0000'),(415,'01','11000.0000'),(415,'02','11000.0000'),(415,'03','11000.0000'),(415,'04','11000.0000'),(415,'05','11000.0000'),(518,'01','28000.0000'),(518,'02','28000.0000'),(518,'03','28000.0000'),(518,'04','28000.0000'),(518,'05','28000.0000'),(536,'01','19000.0000'),(536,'02','19000.0000'),(536,'03','19000.0000'),(536,'04','19000.0000'),(536,'05','19000.0000'),(621,'01','22000.0000'),(621,'02','22000.0000'),(621,'03','22000.0000'),(621,'04','22000.0000'),(621,'05','22000.0000'),(633,'01','11000.0000'),(633,'02','11000.0000'),(633,'03','11000.0000'),(633,'04','11000.0000'),(633,'05','11000.0000'),(653,'01','34000.0000'),(653,'02','34000.0000'),(653,'03','34000.0000'),(653,'04','34000.0000'),(653,'05','34000.0000'),(654,'01','11000.0000'),(654,'02','11000.0000'),(654,'03','11000.0000'),(654,'04','11000.0000'),(654,'05','11000.0000'),(694,'01','28000.0000'),(694,'02','28000.0000'),(694,'03','28000.0000'),(694,'04','28000.0000'),(694,'05','28000.0000'),(695,'01','28000.0000'),(695,'02','28000.0000'),(695,'03','28000.0000'),(695,'04','28000.0000'),(695,'05','28000.0000'),(698,'01','28000.0000'),(698,'02','28000.0000'),(698,'03','28000.0000'),(698,'04','28000.0000'),(698,'05','28000.0000'),(699,'01','28000.0000'),(699,'02','28000.0000'),(699,'03','28000.0000'),(699,'04','28000.0000'),(699,'05','28000.0000'),(700,'01','28000.0000'),(700,'02','28000.0000'),(700,'03','28000.0000'),(700,'04','28000.0000'),(700,'05','28000.0000'),(701,'01','150000.0000'),(701,'02','150000.0000'),(701,'03','150000.0000'),(701,'04','150000.0000'),(701,'05','150000.0000'),(702,'01','24000.0000'),(702,'02','24000.0000'),(702,'03','24000.0000'),(702,'04','24000.0000'),(702,'05','24000.0000'),(702,'06','24000.0000'),(702,'07','24000.0000'),(703,'01','170000.0000'),(703,'02','170000.0000'),(703,'03','170000.0000'),(703,'04','170000.0000'),(703,'05','170000.0000'),(703,'06','170000.0000'),(703,'07','170000.0000'),(704,'01','143000.0000'),(704,'02','143000.0000'),(704,'03','143000.0000'),(704,'04','143000.0000'),(704,'05','143000.0000'),(704,'06','143000.0000'),(704,'07','143000.0000');

/*Table structure for table `lab_itempemeriksaan` */

DROP TABLE IF EXISTS `lab_itempemeriksaan`;

CREATE TABLE `lab_itempemeriksaan` (
  `iditemlab` int(11) NOT NULL,
  `namaitem` varchar(50) CHARACTER SET latin1 DEFAULT NULL,
  `biaya_rawatjalan` decimal(19,4) DEFAULT '0.0000',
  `biaya_rawatinap` decimal(19,4) DEFAULT '0.0000',
  `biaya_pasienluar` decimal(19,4) DEFAULT '0.0000',
  `idgrup` int(11) DEFAULT NULL,
  `idsubgrup` int(11) DEFAULT NULL,
  `idsatuan` int(11) DEFAULT NULL,
  `tipe` enum('PROFILE','SINGLE') CHARACTER SET latin1 DEFAULT NULL,
  `datatype` enum('NUMERIC','TEXT','MEMO') CHARACTER SET latin1 DEFAULT NULL COMMENT '0=Numeric 1=Text 2=Memo',
  `squencesg` int(11) DEFAULT NULL,
  `tgledit` timestamp NULL DEFAULT CURRENT_TIMESTAMP,
  `kode` varchar(10) DEFAULT NULL,
  `idklaim` int(11) NOT NULL DEFAULT '0',
  PRIMARY KEY (`iditemlab`) USING BTREE,
  KEY `lab_itempemeriksaan_lab_grup` (`idgrup`) USING BTREE,
  KEY `lab_itempemeriksaan_satuan` (`idsatuan`) USING BTREE,
  CONSTRAINT `lab_itempemeriksaan_lab_grup` FOREIGN KEY (`idgrup`) REFERENCES `lab_grup` (`idgrup`) ON UPDATE CASCADE,
  CONSTRAINT `lab_itempemeriksaan_satuan` FOREIGN KEY (`idsatuan`) REFERENCES `satuan` (`idsatuan`) ON UPDATE CASCADE
) ENGINE=InnoDB DEFAULT CHARSET=utf8 AVG_ROW_LENGTH=139;

/*Data for the table `lab_itempemeriksaan` */

insert  into `lab_itempemeriksaan`(`iditemlab`,`namaitem`,`biaya_rawatjalan`,`biaya_rawatinap`,`biaya_pasienluar`,`idgrup`,`idsubgrup`,`idsatuan`,`tipe`,`datatype`,`squencesg`,`tgledit`,`kode`,`idklaim`) values (1,'17 OxyhydrocorticoSt','0.0000','0.0000','0.0000',2,1,47,'SINGLE','NUMERIC',640,'2016-01-29 15:02:19','17OXY',2),(2,'17-Ketosteroid','0.0000','0.0000','0.0000',6,2,59,'SINGLE','TEXT',215,NULL,'17KET',2),(3,'Abstinesia','0.0000','0.0000','0.0000',2,1,NULL,'SINGLE','TEXT',0,NULL,'ABSTI',2),(4,'Adrenocorticotropic','0.0000','0.0000','0.0000',2,1,32,'SINGLE','NUMERIC',620,NULL,'ADCTP',2),(5,'Ag. Aspergilus','0.0000','0.0000','0.0000',2,1,NULL,'SINGLE','TEXT',0,NULL,'ASPER',2),(6,'Ag. Candida','0.0000','0.0000','0.0000',2,1,NULL,'SINGLE','TEXT',0,NULL,'CANDI',2),(7,'Ag. Cryptococcus','0.0000','0.0000','0.0000',2,1,NULL,'SINGLE','TEXT',610,NULL,'CRYPT',2),(8,'Aglutinasi','0.0000','0.0000','0.0000',2,1,NULL,'SINGLE','TEXT',0,NULL,'AGLUS',2),(9,'Agregasi Trom - 10uM','0.0000','0.0000','0.0000',8,1,65,'SINGLE','NUMERIC',135,NULL,'AG10',2),(10,'Agregasi Trom - 2.5 uM','0.0000','0.0000','0.0000',8,1,65,'SINGLE','NUMERIC',125,NULL,'AG2.5',2),(11,'Agregasi Trom - 5 uM','0.0000','0.0000','0.0000',8,1,65,'SINGLE','NUMERIC',130,NULL,'AG5',2),(12,'Albumin','17000.0000','17000.0000','17000.0000',6,1,63,'SINGLE','NUMERIC',85,'2016-04-07 13:55:39','ALB',2),(13,'Albumin C. Asites','0.0000','0.0000','0.0000',6,1,63,'SINGLE','NUMERIC',0,NULL,'ALBAS',2),(14,'Albumin C. Pericard','0.0000','0.0000','0.0000',6,1,65,'SINGLE','NUMERIC',0,NULL,'ALBPC',2),(15,'Albumin C. Pluera','0.0000','0.0000','0.0000',6,1,65,'SINGLE','NUMERIC',0,NULL,'ALBP',2),(16,'Albumin Cairan','0.0000','0.0000','0.0000',4,1,64,'SINGLE','NUMERIC',0,NULL,'ALBC',2),(17,'Albumin Tinja','0.0000','0.0000','0.0000',11,1,NULL,'SINGLE','TEXT',0,NULL,'ALBT',2),(18,'Albumin Urine','0.0000','0.0000','0.0000',7,13,NULL,'SINGLE','TEXT',65,NULL,'ALBU',2),(19,'Albumin/Kreatinin Rasio','0.0000','0.0000','0.0000',6,1,65,'SINGLE','NUMERIC',0,NULL,'ALBCR',2),(20,'Alfa Feto Protein (AFP)','0.0000','0.0000','0.0000',2,1,49,'SINGLE','NUMERIC',315,NULL,'AFP',2),(21,'Alfa HBDH','0.0000','0.0000','0.0000',6,1,48,'SINGLE','NUMERIC',0,NULL,'ALHBDH',2),(22,'Alfa-1 Anti Tripsin','0.0000','0.0000','0.0000',2,1,47,'SINGLE','NUMERIC',615,NULL,'A1ATR',2),(23,'Alfa-1 Globulin','0.0000','0.0000','0.0000',6,1,65,'SINGLE','NUMERIC',0,NULL,'A1GLP',2),(24,'Alfa-2 Globulin','0.0000','0.0000','0.0000',6,1,65,'SINGLE','NUMERIC',0,NULL,'A2GLP',2),(25,'Alkali Fosfatase','0.0000','0.0000','0.0000',6,1,48,'SINGLE','NUMERIC',105,NULL,'ALP',2),(26,'Alkali Resistensi','0.0000','0.0000','0.0000',8,1,65,'SINGLE','NUMERIC',0,NULL,'ALRES',2),(27,'ALT (SGPT)','25000.0000','28000.0000','25000.0000',6,10,67,'SINGLE','NUMERIC',100,'2016-04-07 13:49:23','ALT',2),(28,'AMA','0.0000','0.0000','0.0000',2,1,NULL,'SINGLE','NUMERIC',450,NULL,'AMA',2),(29,'Amilase','0.0000','0.0000','0.0000',6,1,67,'SINGLE','NUMERIC',155,NULL,'P-AMY',2),(30,'Amilase P','0.0000','0.0000','0.0000',6,1,48,'SINGLE','NUMERIC',0,NULL,'AMYAS',2),(31,'Amilase Urin','0.0000','0.0000','0.0000',6,1,48,'SINGLE','NUMERIC',0,NULL,'AMIU',2),(32,'Amilase Urin 24 jam','0.0000','0.0000','0.0000',6,1,28,'SINGLE','NUMERIC',0,NULL,'AMIUK',2),(33,'Amilum Tinja','0.0000','0.0000','0.0000',11,16,NULL,'SINGLE','TEXT',185,NULL,'AMIT',2),(34,'Aminofilin','0.0000','0.0000','0.0000',2,1,49,'SINGLE','NUMERIC',565,NULL,'AMNFL',2),(35,'Aminophilin/Theopylin','0.0000','0.0000','0.0000',2,1,45,'SINGLE','NUMERIC',0,NULL,'AMINO',2),(36,'Ammonium','0.0000','0.0000','0.0000',6,1,65,'SINGLE','NUMERIC',0,NULL,'AMNBG',2),(37,'Ammonium Batu Empedu','0.0000','0.0000','0.0000',6,1,NULL,'SINGLE','NUMERIC',0,NULL,'AMNBE',2),(38,'Amoeba','0.0000','0.0000','0.0000',11,16,NULL,'SINGLE','TEXT',90,NULL,'AMUT',2),(39,'Amoeba Kista','0.0000','0.0000','0.0000',11,1,NULL,'SINGLE','TEXT',0,NULL,'KAMUBA',2),(40,'Amoniak','0.0000','0.0000','0.0000',2,1,NULL,'SINGLE','NUMERIC',0,NULL,'AMON',2),(41,'Amphetamin','0.0000','0.0000','0.0000',2,1,NULL,'SINGLE','TEXT',410,NULL,'AMFE',2),(42,'ANA','0.0000','0.0000','0.0000',2,1,NULL,'SINGLE','TEXT',465,NULL,'ANA',2),(43,'ANA IgG','0.0000','0.0000','0.0000',2,1,7,'SINGLE','NUMERIC',75,NULL,'ANAG',2),(44,'Analisa Gas Darah','0.0000','0.0000','0.0000',4,3,NULL,'PROFILE','',0,NULL,'AGD',2),(45,'ANCA','0.0000','0.0000','0.0000',2,1,NULL,'SINGLE','TEXT',70,NULL,'ANCA',2),(46,'ANJURAN','0.0000','0.0000','0.0000',2,1,NULL,'SINGLE','TEXT',0,NULL,'ANJUR',2),(47,'Anti Calla','0.0000','0.0000','0.0000',2,1,47,'SINGLE','NUMERIC',575,NULL,'ACALL',2),(48,'Anti Chalm IgG','0.0000','0.0000','0.0000',2,1,NULL,'SINGLE','TEXT',0,NULL,'ACHLG',2),(49,'Anti Chalm lgM','0.0000','0.0000','0.0000',2,1,NULL,'SINGLE','TEXT',0,NULL,'ACHLM',2),(50,'Anti CMV IgG','0.0000','0.0000','0.0000',2,1,47,'SINGLE','NUMERIC',200,NULL,'CMVG',2),(51,'Anti CMV IgM','0.0000','0.0000','0.0000',2,1,7,'SINGLE','NUMERIC',205,NULL,'CMVM',2),(52,'Anti Delta','0.0000','0.0000','0.0000',2,1,NULL,'SINGLE','TEXT',580,NULL,'ADELT',2),(53,'Anti Dengue IgG (Elisa)','0.0000','0.0000','0.0000',2,1,NULL,'SINGLE','NUMERIC',0,NULL,'DHFGE',2),(54,'Anti DS DNA','0.0000','0.0000','0.0000',2,1,6,'SINGLE','NUMERIC',175,NULL,'ADNA',2),(55,'ANTI HAV IGM','0.0000','0.0000','0.0000',2,10,5,'SINGLE','NUMERIC',0,NULL,'HAV',2),(56,'Anti HAV Total','0.0000','0.0000','0.0000',2,1,40,'SINGLE','TEXT',0,NULL,'AHAV',2),(57,'Anti HBc IgM','0.0000','0.0000','0.0000',2,1,NULL,'SINGLE','TEXT',0,NULL,'AHBCM',2),(58,'Anti HBC Total','0.0000','0.0000','0.0000',2,1,NULL,'SINGLE','TEXT',0,NULL,'AHBCT',2),(59,'Anti HBe','0.0000','0.0000','0.0000',2,1,NULL,'SINGLE','NUMERIC',135,NULL,'AHBE',2),(60,'Anti Hemolitic Fact','0.0000','0.0000','0.0000',2,1,NULL,'SINGLE','TEXT',590,NULL,'AHMLF',2),(61,'Anti Herpes','0.0000','0.0000','0.0000',2,1,NULL,'SINGLE','TEXT',0,NULL,'AHRPSV',2),(62,'Anti HIV','0.0000','0.0000','0.0000',2,1,5,'SINGLE','NUMERIC',270,NULL,'AHIV',2),(63,'Anti HIV P24','0.0000','0.0000','0.0000',2,1,NULL,'SINGLE','TEXT',0,NULL,'AHIV24',2),(64,'Anti HSV I  IgG','0.0000','0.0000','0.0000',2,1,7,'SINGLE','NUMERIC',210,NULL,'HSV1G',2),(65,'Anti HSV I  IgM','0.0000','0.0000','0.0000',2,1,7,'SINGLE','NUMERIC',215,NULL,'HSV1M',2),(66,'Anti HSV II  IgG','0.0000','0.0000','0.0000',2,1,7,'SINGLE','NUMERIC',220,NULL,'HSV2G',2),(67,'Anti HSV II  IgM','0.0000','0.0000','0.0000',2,1,7,'SINGLE','NUMERIC',225,NULL,'HSV2M',2),(68,'Anti Rubella IgG','0.0000','0.0000','0.0000',2,1,39,'SINGLE','NUMERIC',190,NULL,'RUBG',2),(69,'Anti Rubella IgM','0.0000','0.0000','0.0000',2,1,NULL,'SINGLE','NUMERIC',195,NULL,'RUBM',2),(70,'ANTI SALMONELA IgG','0.0000','0.0000','0.0000',2,NULL,NULL,'SINGLE','TEXT',0,NULL,'SLMG',2),(71,'Anti Thrombine III','0.0000','0.0000','0.0000',2,1,65,'SINGLE','NUMERIC',0,NULL,'ATHRO',2),(72,'Anti TOXO Avydity IgG','0.0000','0.0000','0.0000',2,1,NULL,'SINGLE','NUMERIC',0,NULL,'TOXOA',2),(73,'Anti Toxo IgG Avidity','0.0000','0.0000','0.0000',2,1,NULL,'SINGLE','NUMERIC',0,NULL,'IGGA',2),(74,'Anti Toxoplasma IgG','0.0000','0.0000','0.0000',2,1,39,'SINGLE','NUMERIC',180,NULL,'TOXOG',2),(75,'Anti Toxoplasma IgM','0.0000','0.0000','0.0000',2,1,7,'SINGLE','NUMERIC',185,NULL,'TOXOM',2),(76,'Anti Trombin III','0.0000','0.0000','0.0000',8,1,65,'SINGLE','NUMERIC',75,NULL,'AT3',2),(77,'Anti-Amoeba','0.0000','0.0000','0.0000',2,1,NULL,'SINGLE','TEXT',300,NULL,'IDT',2),(78,'Anti-ds DNA IgG','0.0000','0.0000','0.0000',2,1,NULL,'SINGLE','NUMERIC',90,NULL,'DSDNG',2),(79,'Anti-EBV Total','0.0000','0.0000','0.0000',2,1,NULL,'SINGLE','TEXT',635,NULL,'AEBVT',2),(80,'Anti-H. phylori','0.0000','0.0000','0.0000',2,1,NULL,'SINGLE','TEXT',645,NULL,'AHPYL',2),(81,'Anti-HAV IgM','0.0000','0.0000','0.0000',2,1,7,'SINGLE','NUMERIC',150,NULL,'AHVM',2),(82,'Anti-HBc','0.0000','0.0000','0.0000',2,1,5,'SINGLE','NUMERIC',125,NULL,'AHBC',2),(83,'Anti-HBs','0.0000','0.0000','0.0000',2,1,39,'SINGLE','NUMERIC',120,NULL,'AHBS',2),(84,'Anti-HCV','0.0000','0.0000','0.0000',2,1,NULL,'SINGLE','NUMERIC',170,NULL,'AHCV',2),(85,'Apo B','0.0000','0.0000','0.0000',6,1,64,'SINGLE','NUMERIC',0,NULL,'APOB',2),(86,'APTT','0.0000','0.0000','0.0000',8,5,22,'SINGLE','NUMERIC',45,NULL,'PTT',2),(87,'Asal Spesimen','0.0000','0.0000','0.0000',4,1,NULL,'SINGLE','MEMO',0,NULL,'ASALS',2),(88,'Asam Amino','0.0000','0.0000','0.0000',6,1,47,'SINGLE','NUMERIC',280,NULL,'ASAMN',2),(89,'Asam Empedu','0.0000','0.0000','0.0000',6,1,NULL,'SINGLE','NUMERIC',285,NULL,'ASEMP',2),(90,'Asam Folat','0.0000','0.0000','0.0000',8,1,49,'SINGLE','NUMERIC',440,NULL,'FOLAT',2),(91,'Asam Laktat','0.0000','0.0000','0.0000',6,1,43,'SINGLE','NUMERIC',260,NULL,'ASLAK',2),(92,'Asam Urat','28000.0000','28000.0000','28000.0000',6,9,64,'SINGLE','NUMERIC',40,'2016-04-07 13:46:31','UA',2),(93,'Asam Urat Urin','0.0000','0.0000','0.0000',6,1,64,'SINGLE','NUMERIC',0,NULL,'UAU',2),(94,'Asam Urat Urin 24 jam','0.0000','0.0000','0.0000',6,1,59,'SINGLE','NUMERIC',0,NULL,'URICU',2),(95,'Aseton Urin','0.0000','0.0000','0.0000',7,13,NULL,'SINGLE','TEXT',0,NULL,'ACT',2),(96,'Aseton Urin 1 jam','0.0000','0.0000','0.0000',7,1,NULL,'SINGLE','TEXT',0,NULL,'AC1',2),(97,'Aseton Urin 1 jam *','0.0000','0.0000','0.0000',7,1,NULL,'SINGLE','TEXT',0,NULL,'ACT1',2),(98,'Aseton Urin 1/2 jam','0.0000','0.0000','0.0000',7,1,NULL,'SINGLE','TEXT',0,NULL,'AC1/2',2),(99,'Aseton Urin 1/2 jam *','0.0000','0.0000','0.0000',7,1,NULL,'SINGLE','TEXT',0,NULL,'ACT1/2',2),(100,'Aseton Urin 2 jam','0.0000','0.0000','0.0000',7,1,NULL,'SINGLE','TEXT',0,NULL,'AC2',2),(101,'Aseton Urin 2 jam *','0.0000','0.0000','0.0000',7,1,NULL,'SINGLE','TEXT',0,NULL,'ACT2',2),(102,'Aseton Urin 2 jam PP','0.0000','0.0000','0.0000',7,1,NULL,'SINGLE','TEXT',0,NULL,'ACPP',2),(103,'Aseton Urin 2 jam PP *','0.0000','0.0000','0.0000',7,1,NULL,'SINGLE','TEXT',0,NULL,'ACTPP',2),(104,'Aseton Urin 3 jam','0.0000','0.0000','0.0000',7,1,NULL,'SINGLE','TEXT',0,NULL,'AC3',2),(105,'Aseton Urin 3 jam *','0.0000','0.0000','0.0000',7,1,NULL,'SINGLE','TEXT',0,NULL,'ACT3',2),(106,'Aseton Urin Puasa','0.0000','0.0000','0.0000',7,1,NULL,'SINGLE','TEXT',0,NULL,'ACN',2),(107,'Aseton Urin Puasa *','0.0000','0.0000','0.0000',7,1,NULL,'SINGLE','TEXT',0,NULL,'ACTN',2),(108,'ASLO Kuantitatif','0.0000','0.0000','0.0000',2,1,39,'SINGLE','TEXT',0,NULL,'ASLO',2),(109,'ASLO Semi Kwantitatif','0.0000','0.0000','0.0000',2,1,39,'SINGLE','NUMERIC',0,NULL,'ASLOSK',2),(111,'ASTO','0.0000','0.0000','0.0000',2,1,39,'SINGLE','TEXT',285,NULL,'ASTO',2),(112,'Atyp. Limfosit','0.0000','0.0000','0.0000',8,7,65,'SINGLE','NUMERIC',320,NULL,'ALY%',2),(113,'Auramin','0.0000','0.0000','0.0000',10,1,NULL,'SINGLE','MEMO',0,NULL,'AURAM',2),(114,'Auramin-O','0.0000','0.0000','0.0000',10,1,NULL,'SINGLE','MEMO',0,NULL,'AURAMO',2),(115,'B a u','0.0000','0.0000','0.0000',2,1,NULL,'SINGLE','TEXT',0,NULL,'BAUS',2),(116,'B2 Microglobulin','0.0000','0.0000','0.0000',6,1,51,'SINGLE','NUMERIC',270,NULL,'B2MGL',2),(117,'Bacteriologi Air','0.0000','0.0000','0.0000',4,1,NULL,'SINGLE','NUMERIC',100,NULL,'BACAR',2),(118,'Bakteri','0.0000','0.0000','0.0000',7,17,25,'SINGLE','TEXT',90,NULL,'BAKU',2),(119,'Base Excess','0.0000','0.0000','0.0000',4,3,55,'SINGLE','NUMERIC',25,NULL,'BE',2),(120,'Basofil','0.0000','0.0000','0.0000',8,7,65,'SINGLE','NUMERIC',220,NULL,'BASO',2),(121,'Basophillic & Mast Cell','0.0000','0.0000','0.0000',8,1,65,'SINGLE','NUMERIC',265,NULL,'BASOP',2),(122,'Batang Absolut','0.0000','0.0000','0.0000',8,1,NULL,'SINGLE','NUMERIC',530,NULL,'STABT',2),(123,'Benzodiasepin','0.0000','0.0000','0.0000',2,1,NULL,'SINGLE','TEXT',430,NULL,'BENZO',2),(124,'Berat Badan','0.0000','0.0000','0.0000',6,1,35,'SINGLE','NUMERIC',0,NULL,'BBCCT',2),(125,'Berat Jenis Urine','0.0000','0.0000','0.0000',7,13,NULL,'SINGLE','NUMERIC',25,NULL,'BJU',2),(126,'Bersihan Kreatinin','0.0000','0.0000','0.0000',6,1,56,'SINGLE','NUMERIC',0,NULL,'HCCT',2),(127,'Bersihan Maksimum','0.0000','0.0000','0.0000',6,1,64,'SINGLE','NUMERIC',0,NULL,'UCTMK',2),(128,'Bersihan Standard','0.0000','0.0000','0.0000',6,1,65,'SINGLE','NUMERIC',0,NULL,'UCSTD',2),(129,'Beta 1 C Globulin','0.0000','0.0000','0.0000',6,1,NULL,'SINGLE','NUMERIC',265,NULL,'B1CGL',2),(130,'Beta 1 Globulin','0.0000','0.0000','0.0000',6,1,65,'SINGLE','NUMERIC',0,NULL,'BGLP',2),(131,'Beta 2 Globulin','0.0000','0.0000','0.0000',6,1,65,'SINGLE','NUMERIC',0,NULL,'BGLP2',2),(132,'Beta Crosslaps','0.0000','0.0000','0.0000',2,1,NULL,'SINGLE','NUMERIC',0,NULL,'BCROS',2),(133,'Beta Lipoprotein','0.0000','0.0000','0.0000',6,1,NULL,'SINGLE','NUMERIC',295,NULL,'BLIPP',2),(134,'Biakan M TBC','0.0000','0.0000','0.0000',10,1,NULL,'SINGLE','MEMO',0,NULL,'BMTBC',2),(135,'Biakan Mikro','0.0000','0.0000','0.0000',10,1,NULL,'SINGLE','MEMO',0,NULL,'BIAKAN',2),(136,'Bikarbonat','0.0000','0.0000','0.0000',4,1,NULL,'SINGLE','NUMERIC',0,NULL,'BIKARB',2),(137,'Bilirubin','0.0000','0.0000','0.0000',6,1,64,'SINGLE','NUMERIC',0,NULL,'BILBE',2),(138,'Bilirubin Direk','0.0000','0.0000','0.0000',6,1,64,'SINGLE','NUMERIC',70,NULL,'DBIL',2),(139,'Bilirubin Indirek','0.0000','0.0000','0.0000',6,1,64,'SINGLE','NUMERIC',75,NULL,'IBIL',2),(140,'Bilirubin Total','0.0000','0.0000','0.0000',6,1,64,'SINGLE','NUMERIC',65,NULL,'TBIL',2),(141,'Bilirubin Urine','0.0000','0.0000','0.0000',7,13,NULL,'SINGLE','TEXT',50,NULL,'BILU',2),(142,'BJ Plasma','0.0000','0.0000','0.0000',8,1,NULL,'SINGLE','NUMERIC',580,NULL,'BJPLAS',2),(143,'Blast','0.0000','0.0000','0.0000',8,1,65,'SINGLE','NUMERIC',300,NULL,'BLAST',2),(144,'Bulyon/Bac. T','0.0000','0.0000','0.0000',10,1,NULL,'SINGLE','MEMO',0,NULL,'BULY',2),(145,'C Peptide','0.0000','0.0000','0.0000',2,1,51,'SINGLE','NUMERIC',600,NULL,'CPEPT',2),(146,'C3 Komplemen','0.0000','0.0000','0.0000',2,1,64,'SINGLE','NUMERIC',290,NULL,'C3',2),(147,'C4 Komplemen','0.0000','0.0000','0.0000',2,1,64,'SINGLE','NUMERIC',295,NULL,'C4',2),(148,'Ca 125','0.0000','0.0000','0.0000',2,1,47,'SINGLE','NUMERIC',330,NULL,'CA125',2),(149,'Ca 15-3','0.0000','0.0000','0.0000',2,1,47,'SINGLE','NUMERIC',340,NULL,'CA153',2),(150,'Ca 19-9','0.0000','0.0000','0.0000',2,1,47,'SINGLE','NUMERIC',335,NULL,'CA199',2),(151,'Ca 72-4','0.0000','0.0000','0.0000',2,1,47,'SINGLE','NUMERIC',0,NULL,'CA724',2),(152,'Calsium Batu Empedu','0.0000','0.0000','0.0000',6,1,65,'SINGLE','NUMERIC',0,NULL,'CALBE',2),(153,'Canabinoid','0.0000','0.0000','0.0000',2,1,NULL,'SINGLE','TEXT',0,NULL,'CANA',2),(154,'Cara Pengeluaran','0.0000','0.0000','0.0000',2,1,NULL,'SINGLE','TEXT',0,NULL,'CAPEN',2),(155,'Carbamazepin','0.0000','0.0000','0.0000',2,1,61,'SINGLE','NUMERIC',535,NULL,'CARBA',2),(156,'CD4','0.0000','0.0000','0.0000',4,1,29,'SINGLE','NUMERIC',95,NULL,'CD4',2),(157,'CD4-CD8','0.0000','0.0000','0.0000',2,1,NULL,'SINGLE','MEMO',0,NULL,'CD48',2),(158,'CD8','0.0000','0.0000','0.0000',2,1,29,'SINGLE','NUMERIC',65,NULL,'CD8',2),(159,'CEA','0.0000','0.0000','0.0000',2,1,49,'SINGLE','NUMERIC',320,NULL,'CEA',2),(160,'Chol/HDL Ratio','0.0000','0.0000','0.0000',6,1,NULL,'SINGLE','NUMERIC',190,NULL,'CH/HD',2),(161,'Chromosome','0.0000','0.0000','0.0000',4,1,NULL,'SINGLE','NUMERIC',120,NULL,'CHROM',2),(162,'CK-MB','0.0000','0.0000','0.0000',6,1,48,'SINGLE','NUMERIC',125,NULL,'CKMB',2),(163,'CK-NAC','0.0000','0.0000','0.0000',6,1,48,'SINGLE','NUMERIC',115,NULL,'CK',2),(164,'CMV IgG Avidity','0.0000','0.0000','0.0000',2,1,NULL,'SINGLE','TEXT',0,NULL,'CMVGA',2),(165,'Cocain','0.0000','0.0000','0.0000',2,1,NULL,'SINGLE','TEXT',425,NULL,'COCA',2),(166,'Combs Test Indirek','0.0000','0.0000','0.0000',8,1,NULL,'SINGLE','TEXT',105,NULL,'CTI',2),(167,'Control','0.0000','0.0000','0.0000',8,1,65,'SINGLE','NUMERIC',505,NULL,'AT3C',2),(168,'Coomb test Direk','0.0000','0.0000','0.0000',8,1,NULL,'SINGLE','TEXT',85,NULL,'CTD',2),(169,'Cortisol','0.0000','0.0000','0.0000',6,1,46,'SINGLE','NUMERIC',305,NULL,'CORTI',2),(170,'COV','0.0000','0.0000','0.0000',2,1,NULL,'SINGLE','NUMERIC',0,NULL,'COV',2),(171,'CPK','0.0000','0.0000','0.0000',6,1,67,'SINGLE','NUMERIC',120,NULL,'CPK',2),(172,'CPK Liquor','0.0000','0.0000','0.0000',6,1,67,'SINGLE','NUMERIC',0,NULL,'CPKLQ',2),(173,'CRP','0.0000','0.0000','0.0000',2,1,61,'SINGLE','NUMERIC',275,NULL,'CRP',2),(174,'CRP Kualitatif','0.0000','0.0000','0.0000',2,1,NULL,'SINGLE','TEXT',0,NULL,'CRPKL',2),(175,'Cryoprecipitate','0.0000','0.0000','0.0000',2,1,NULL,'SINGLE','NUMERIC',545,NULL,'CRYCP',2),(176,'Cyclosporin 0','0.0000','0.0000','0.0000',2,1,49,'SINGLE','NUMERIC',435,NULL,'CYCL0',2),(177,'Cyclosporin 2','0.0000','0.0000','0.0000',2,1,49,'SINGLE','NUMERIC',440,NULL,'CYCL2',2),(178,'CYFRA 21-1','0.0000','0.0000','0.0000',2,1,49,'SINGLE','NUMERIC',80,NULL,'CY211',2),(179,'Cystine','0.0000','0.0000','0.0000',6,1,65,'SINGLE','NUMERIC',0,NULL,'CYSBG',2),(180,'D-Dimer','0.0000','0.0000','0.0000',8,1,45,'SINGLE','NUMERIC',80,NULL,'DDIM',2),(181,'D-Dimer Kuantitatif','0.0000','0.0000','0.0000',8,1,61,'SINGLE','NUMERIC',60,NULL,'DDIMK',2),(182,'Darah','0.0000','0.0000','0.0000',11,16,NULL,'SINGLE','TEXT',30,NULL,'DRHT',2),(183,'Darah Rutin','39000.0000','55000.0000','39000.0000',1,0,0,'PROFILE','',0,'2016-03-04 11:14:31','DR',2),(184,'Darah Samar C. Lambung','0.0000','0.0000','0.0000',7,1,NULL,'SINGLE','TEXT',0,NULL,'DSCL',2),(185,'Darah Samar Feses','0.0000','0.0000','0.0000',11,1,NULL,'SINGLE','TEXT',0,NULL,'DSTT',2),(186,'Darah Samar Urin','0.0000','0.0000','0.0000',7,13,NULL,'SINGLE','TEXT',55,NULL,'HBU',2),(187,'Debris','0.0000','0.0000','0.0000',2,1,NULL,'SINGLE','TEXT',0,NULL,'DEBRI',2),(188,'Delta Hepatitis','0.0000','0.0000','0.0000',2,1,NULL,'SINGLE','NUMERIC',505,NULL,'DHEP',2),(189,'Dengue IgG','0.0000','0.0000','0.0000',2,6,NULL,'SINGLE','TEXT',160,NULL,'DHFG',2),(190,'Dengue IgM','0.0000','0.0000','0.0000',2,6,NULL,'SINGLE','TEXT',165,NULL,'DHFM',2),(191,'Dengue Titer HI','0.0000','0.0000','0.0000',2,1,NULL,'PROFILE','',0,NULL,'DHFT',2),(192,'DENGU','75000.0000','75000.0000','75000.0000',2,6,0,'PROFILE','',0,'2016-05-10 16:04:23','DHF',2),(193,'Differential','0.0000','0.0000','0.0000',8,NULL,NULL,'PROFILE','',0,NULL,'DIFF',2),(194,'Digoxin','0.0000','0.0000','0.0000',2,1,49,'SINGLE','NUMERIC',390,NULL,'DIGOX',2),(195,'Dilantin','0.0000','0.0000','0.0000',2,1,45,'SINGLE','NUMERIC',395,NULL,'DILAN',2),(199,'Elektrolyte (Na,K,Cl)','0.0000','0.0000','0.0000',6,8,NULL,'PROFILE','',0,NULL,'ELEK',2),(200,'Eosinofil','0.0000','0.0000','0.0000',8,7,65,'SINGLE','NUMERIC',225,NULL,'EOS',2),(201,'Eritrosit','11000.0000','11000.0000','11000.0000',8,4,14,'SINGLE','NUMERIC',160,'2016-04-08 10:12:23','ERITR',2),(202,'Eritrosit berinti','0.0000','0.0000','0.0000',8,1,1,'SINGLE','NUMERIC',0,NULL,'ERITB',2),(203,'Eritrosit Faeces','0.0000','0.0000','0.0000',11,16,26,'SINGLE','NUMERIC',60,NULL,'ERIT',2),(204,'Eritrosit Urin','0.0000','0.0000','0.0000',7,17,26,'SINGLE','NUMERIC',80,NULL,'ERIU',2),(205,'Esbach Urin','0.0000','0.0000','0.0000',7,1,33,'SINGLE','NUMERIC',0,NULL,'ESBAU',2),(206,'Estradiol','0.0000','0.0000','0.0000',2,1,37,'SINGLE','NUMERIC',370,NULL,'E2',2),(207,'Estrogen Total','0.0000','0.0000','0.0000',2,1,50,'SINGLE','NUMERIC',525,NULL,'ESTT',2),(208,'Euglobulinolisis','0.0000','0.0000','0.0000',8,1,20,'SINGLE','NUMERIC',400,NULL,'EUGLO',2),(209,'Faktor','0.0000','0.0000','0.0000',6,1,NULL,'SINGLE','NUMERIC',0,NULL,'FCCT',2),(210,'Faktor  XIII','0.0000','0.0000','0.0000',8,1,20,'SINGLE','NUMERIC',100,NULL,'FXIII',2),(211,'Faktor VII','0.0000','0.0000','0.0000',8,1,NULL,'SINGLE','NUMERIC',95,NULL,'FVII',2),(212,'Fenitoin','0.0000','0.0000','0.0000',2,1,61,'SINGLE','NUMERIC',595,NULL,'PHENI',2),(213,'Feritin','0.0000','0.0000','0.0000',8,1,50,'SINGLE','NUMERIC',430,NULL,'FERIT',2),(214,'Fosfat','0.0000','0.0000','0.0000',6,1,65,'SINGLE','NUMERIC',0,NULL,'PHOBG',2),(215,'fosfat anorg. Urin 24 jam','0.0000','0.0000','0.0000',6,1,59,'SINGLE','NUMERIC',0,NULL,'PHOUK',2),(216,'Fosfat anorganik (P) Urin','0.0000','0.0000','0.0000',6,1,64,'SINGLE','NUMERIC',0,NULL,'PHOSU',2),(217,'Fosfat Asam Prostat','0.0000','0.0000','0.0000',6,1,48,'SINGLE','NUMERIC',170,NULL,'PAP',2),(218,'Fosfatase Alkali','0.0000','0.0000','0.0000',6,1,48,'SINGLE','NUMERIC',0,NULL,'ALPP',2),(219,'Fosfatase Asam Total','0.0000','0.0000','0.0000',6,1,48,'SINGLE','NUMERIC',165,NULL,'ACP',2),(220,'Fragmentosit','0.0000','0.0000','0.0000',8,1,65,'SINGLE','NUMERIC',510,NULL,'FRAG',2),(221,'Free Acid','0.0000','0.0000','0.0000',6,1,55,'SINGLE','NUMERIC',0,NULL,'FREEA',2),(222,'Free PSA','0.0000','0.0000','0.0000',2,1,49,'SINGLE','NUMERIC',0,NULL,'FPSA',2),(223,'Fruktosamin','0.0000','0.0000','0.0000',6,1,NULL,'SINGLE','TEXT',0,NULL,'FRUKS',2),(224,'FSH','0.0000','0.0000','0.0000',2,1,52,'SINGLE','NUMERIC',355,NULL,'FSH',2),(225,'FT4','0.0000','0.0000','0.0000',2,1,49,'SINGLE','NUMERIC',0,NULL,'FT4',2),(226,'FTA-ABS','0.0000','0.0000','0.0000',2,1,NULL,'SINGLE','TEXT',0,NULL,'FTA',2),(227,'G6PD','0.0000','0.0000','0.0000',6,1,27,'SINGLE','NUMERIC',175,NULL,'G6PD',2),(228,'Gamma Globulin','0.0000','0.0000','0.0000',6,1,65,'SINGLE','NUMERIC',0,NULL,'GGLP',2),(229,'Gamma GT','0.0000','0.0000','0.0000',6,1,67,'SINGLE','NUMERIC',130,NULL,'GGT',2),(230,'Gerak Baik (B)','0.0000','0.0000','0.0000',2,1,65,'SINGLE','NUMERIC',0,NULL,'JSPBS',2),(231,'Gerak Kurang Baik (C)','0.0000','0.0000','0.0000',2,1,65,'SINGLE','NUMERIC',0,NULL,'JSKBS',2),(232,'Gerak sangat baik (A)','0.0000','0.0000','0.0000',2,1,65,'SINGLE','NUMERIC',0,NULL,'JMSBS',2),(233,'Glikolysis Hb','0.0000','0.0000','0.0000',6,1,NULL,'SINGLE','TEXT',0,NULL,'GLIKO',2),(234,'Globulin','0.0000','0.0000','0.0000',6,1,63,'SINGLE','NUMERIC',90,NULL,'GLOB',2),(235,'Glukosa 1 jam','0.0000','0.0000','0.0000',6,1,64,'SINGLE','NUMERIC',0,NULL,'GLU1',2),(236,'Glukosa 1/2 jam','0.0000','0.0000','0.0000',6,1,64,'SINGLE','NUMERIC',0,NULL,'GL1/2',2),(237,'Glukosa 2 jam','14000.0000','0.0000','14000.0000',6,1,64,'SINGLE','NUMERIC',0,NULL,'GLU2',2),(238,'Glukosa 3 jam','0.0000','0.0000','0.0000',6,1,64,'SINGLE','NUMERIC',0,NULL,'GLU3',2),(239,'Glukosa Darah 2 jam PP','14000.0000','0.0000','14000.0000',6,11,64,'SINGLE','NUMERIC',15,NULL,'GPOST',2),(240,'Glukosa Darah Puasa','14000.0000','0.0000','14000.0000',6,11,64,'SINGLE','NUMERIC',10,NULL,'GLUN',2),(241,'Glukosa Darah Sewaktu','14000.0000','19000.0000','14000.0000',6,11,64,'SINGLE','NUMERIC',20,'2016-04-07 13:54:07','GLUS',2),(242,'Glukosa kurva harian','0.0000','0.0000','0.0000',6,1,NULL,'SINGLE','MEMO',0,NULL,'GLUKH',2),(243,'Glukosa Rapid','0.0000','0.0000','0.0000',6,1,64,'SINGLE','NUMERIC',0,NULL,'GRAPID',2),(244,'Glukosa Urin 1 jam','0.0000','0.0000','0.0000',7,1,NULL,'SINGLE','NUMERIC',0,NULL,'UR1',2),(245,'Glukosa Urin 1/2 jam','0.0000','0.0000','0.0000',7,1,NULL,'SINGLE','NUMERIC',0,NULL,'UR1/2',2),(246,'Glukosa Urin 2 jam','0.0000','0.0000','0.0000',7,1,NULL,'SINGLE','NUMERIC',0,NULL,'UR2',2),(247,'Glukosa Urin 2 jam PP','0.0000','0.0000','0.0000',7,1,NULL,'SINGLE','NUMERIC',0,NULL,'UPOST',2),(248,'Glukosa Urin 3 jam','0.0000','0.0000','0.0000',7,1,NULL,'SINGLE','NUMERIC',0,NULL,'UR3',2),(249,'Glukosa Urin Puasa','0.0000','0.0000','0.0000',7,1,NULL,'SINGLE','NUMERIC',0,NULL,'URN',2),(250,'Glukosa Urine','0.0000','0.0000','0.0000',7,13,64,'SINGLE','TEXT',32,NULL,'REDU',2),(251,'GO Aglutination','0.0000','0.0000','0.0000',2,1,NULL,'SINGLE','TEXT',570,NULL,'GOAGL',2),(252,'Gol. Darah-Rh','0.0000','0.0000','0.0000',8,1,NULL,'SINGLE','TEXT',390,NULL,'GOLRH',2),(253,'Golongan Darah','11000.0000','11000.0000','11000.0000',8,1,0,'SINGLE','TEXT',110,'2016-04-07 13:54:42','GOLD',2),(254,'Gran #','0.0000','0.0000','0.0000',8,2,30,'SINGLE','NUMERIC',355,NULL,'GRAN#',2),(255,'Gran %','0.0000','0.0000','0.0000',8,7,65,'SINGLE','NUMERIC',250,NULL,'GRAN',2),(256,'Granulosit Concentrate','0.0000','0.0000','0.0000',3,1,NULL,'SINGLE','TEXT',0,NULL,'GRANC',2),(257,'Granulosit Total','0.0000','0.0000','0.0000',8,1,65,'SINGLE','NUMERIC',550,NULL,'GRANT',2),(258,'GYNAE CYTOLOGY REPORT','0.0000','0.0000','0.0000',9,1,NULL,'SINGLE','MEMO',0,NULL,'GYRD',2),(259,'H. Influenzae','0.0000','0.0000','0.0000',6,1,NULL,'SINGLE','TEXT',0,NULL,'HINFLU',2),(260,'HAM\'S Test','0.0000','0.0000','0.0000',8,1,NULL,'SINGLE','TEXT',515,NULL,'HAMS',2),(261,'HB A','0.0000','0.0000','0.0000',8,1,65,'SINGLE','NUMERIC',480,NULL,'HBA',2),(262,'HB A2','0.0000','0.0000','0.0000',8,1,65,'SINGLE','NUMERIC',475,NULL,'HBA2',2),(263,'Hb C','0.0000','0.0000','0.0000',8,1,65,'SINGLE','NUMERIC',450,NULL,'HBC',2),(264,'Hb E','0.0000','0.0000','0.0000',8,1,65,'SINGLE','NUMERIC',455,NULL,'HBE',2),(265,'HB F','0.0000','0.0000','0.0000',8,1,65,'SINGLE','NUMERIC',460,NULL,'HBF',2),(266,'HB Leko','0.0000','0.0000','0.0000',8,1,NULL,'PROFILE','',0,NULL,'HBLK',2),(267,'Hb S','0.0000','0.0000','0.0000',8,1,65,'SINGLE','NUMERIC',465,NULL,'HBS',2),(268,'Hb, Hct, Leko,tromb&eritr','0.0000','0.0000','0.0000',8,1,NULL,'PROFILE','',0,NULL,'HHLT',2),(269,'HB,HT,LEKO,TROM,ERI & WDL','0.0000','0.0000','0.0000',8,NULL,NULL,'PROFILE','',0,NULL,'HHLTE&',2),(270,'HBA1','0.0000','0.0000','0.0000',8,1,65,'SINGLE','NUMERIC',470,NULL,'HBA1',2),(271,'HbA1c','0.0000','0.0000','0.0000',6,1,65,'SINGLE','NUMERIC',25,NULL,'HBA1C',2),(272,'HBeAg','0.0000','0.0000','0.0000',2,1,7,'SINGLE','NUMERIC',130,NULL,'HBEAG',2),(273,'HBsAg','39000.0000','39000.0000','39000.0000',2,1,7,'SINGLE','TEXT',115,'2016-04-07 13:53:00','HBSAG',2),(275,'HBV DNA','0.0000','0.0000','0.0000',2,1,NULL,'SINGLE','TEXT',140,NULL,'HBVDN',2),(276,'HCG Kuantitatif','0.0000','0.0000','0.0000',2,1,52,'SINGLE','NUMERIC',350,NULL,'BHCG',2),(277,'HCO3','0.0000','0.0000','0.0000',4,3,55,'SINGLE','NUMERIC',40,NULL,'HCO3',2),(278,'HCO3 (Vena)','0.0000','0.0000','0.0000',4,1,55,'SINGLE','NUMERIC',0,NULL,'HCO3V',2),(279,'HCV Genotype','0.0000','0.0000','0.0000',2,1,NULL,'SINGLE','TEXT',85,NULL,'HCVGN',2),(280,'HCV-RNA (KUALITATIF)','0.0000','0.0000','0.0000',2,1,NULL,'SINGLE','TEXT',100,NULL,'HCVRK',2),(281,'HCV-RNA (KUANTITATIF)','0.0000','0.0000','0.0000',2,1,9,'SINGLE','NUMERIC',155,NULL,'HCVRN',2),(282,'Helicobacter IgG','0.0000','0.0000','0.0000',2,1,NULL,'SINGLE','TEXT',0,NULL,'HELICO',2),(283,'Hematokrit','0.0000','0.0000','0.0000',8,4,65,'SINGLE','NUMERIC',145,NULL,'HCT',2),(284,'Hematologi','0.0000','0.0000','0.0000',8,NULL,NULL,'PROFILE','',0,NULL,'HEMA',2),(285,'Hemoglobin','11000.0000','11000.0000','11000.0000',8,4,63,'SINGLE','NUMERIC',140,'2016-04-07 13:53:32','HB',2),(286,'Hemonitic Citoferesi','0.0000','0.0000','0.0000',3,1,NULL,'SINGLE','TEXT',0,NULL,'HEMCT',2),(287,'Hemonitic Plasma Exc','0.0000','0.0000','0.0000',3,1,NULL,'SINGLE','TEXT',0,NULL,'HEMPE',2),(288,'HemonitiK Trombosit','0.0000','0.0000','0.0000',3,1,NULL,'SINGLE','TEXT',0,NULL,'HEMTR',2),(289,'Hemosiderin Urin','0.0000','0.0000','0.0000',7,1,NULL,'SINGLE','TEXT',0,NULL,'HEMOU',2),(290,'Heparin','0.0000','0.0000','0.0000',8,1,NULL,'SINGLE','TEXT',525,NULL,'HEPAR',2),(291,'High Sensitive CRP','0.0000','0.0000','0.0000',2,1,61,'SINGLE','NUMERIC',95,NULL,'HSCRP',2),(292,'Hitung Jenis','0.0000','0.0000','0.0000',8,7,NULL,'PROFILE','',585,NULL,'HJENIS',2),(293,'Hitung Kuman','0.0000','0.0000','0.0000',10,1,NULL,'SINGLE','MEMO',0,NULL,'HKUMAN',2),(294,'Homocystein','0.0000','0.0000','0.0000',2,1,71,'SINGLE','NUMERIC',0,NULL,'HOMOC',2),(295,'Human Growth Hormon','0.0000','0.0000','0.0000',2,1,49,'SINGLE','NUMERIC',380,NULL,'GH',2),(296,'ICT Malaria','75000.0000','75000.0000','75000.0000',2,1,0,'SINGLE','TEXT',0,'2016-04-07 13:41:29','ICTML',2),(297,'ICT TB','75000.0000','75000.0000','75000.0000',2,1,0,'SINGLE','TEXT',0,'2016-04-07 13:39:56','ICTTB',2),(298,'Identifikasi Cepat','0.0000','0.0000','0.0000',6,1,NULL,'SINGLE','TEXT',0,NULL,'IDENT',2),(299,'Ig E (Elecsys)','0.0000','0.0000','0.0000',2,1,39,'SINGLE','NUMERIC',0,NULL,'IGE',2),(300,'IgA','0.0000','0.0000','0.0000',2,1,64,'SINGLE','NUMERIC',235,NULL,'IGA',2),(301,'IgA Liquor','0.0000','0.0000','0.0000',2,1,61,'SINGLE','NUMERIC',510,NULL,'ALCS',2),(302,'IgD','0.0000','0.0000','0.0000',2,1,64,'SINGLE','NUMERIC',475,NULL,'IGD',2),(303,'IgE Rast Haouse Dust Mite','0.0000','0.0000','0.0000',2,1,NULL,'SINGLE','TEXT',0,NULL,'IGERT',2),(304,'IgE Rast Kacang','0.0000','0.0000','0.0000',2,1,34,'SINGLE','TEXT',0,NULL,'IGEKAC',2),(305,'IgE Rast Susu','0.0000','0.0000','0.0000',2,1,34,'SINGLE','TEXT',0,NULL,'IGESUS',2),(306,'IgE Spesifik','0.0000','0.0000','0.0000',2,1,47,'SINGLE','NUMERIC',255,NULL,'IGES',2),(307,'IgE Total','0.0000','0.0000','0.0000',2,1,39,'SINGLE','NUMERIC',250,NULL,'IGET',2),(308,'IgG','0.0000','0.0000','0.0000',2,1,64,'SINGLE','NUMERIC',240,NULL,'IGG',2),(309,'IgG Anti TB','0.0000','0.0000','0.0000',2,1,NULL,'SINGLE','TEXT',305,NULL,'IGTB',2),(310,'IgG Helicobacter pylori','0.0000','0.0000','0.0000',2,1,NULL,'SINGLE','TEXT',0,NULL,'HELPY',2),(311,'IgG Liquor','0.0000','0.0000','0.0000',2,1,61,'SINGLE','NUMERIC',515,NULL,'GLCS',2),(312,'IgG-ACA','0.0000','0.0000','0.0000',6,1,NULL,'SINGLE','NUMERIC',0,NULL,'ACAG',2),(313,'IgM','0.0000','0.0000','0.0000',2,1,64,'SINGLE','NUMERIC',245,NULL,'IGM',2),(314,'IgM Liquor','0.0000','0.0000','0.0000',2,1,61,'SINGLE','NUMERIC',520,NULL,'MLCS',2),(315,'IgM-ACA','0.0000','0.0000','0.0000',2,1,NULL,'SINGLE','NUMERIC',0,NULL,'ACAM',2),(316,'IM. Elektroforensis','0.0000','0.0000','0.0000',2,1,NULL,'SINGLE','TEXT',0,NULL,'IMEF',2),(317,'Immunoglobulin','0.0000','0.0000','0.0000',2,1,NULL,'SINGLE','NUMERIC',585,NULL,'IMGLO',2),(318,'Immunoglobulin LCS','0.0000','0.0000','0.0000',2,1,NULL,'SINGLE','NUMERIC',540,NULL,'IGLCS',2),(319,'Inclusion Bodies','0.0000','0.0000','0.0000',8,1,NULL,'SINGLE','TEXT',0,NULL,'INCBD',2),(321,'INR','0.0000','0.0000','0.0000',8,5,NULL,'SINGLE','NUMERIC',40,NULL,'INR',2),(322,'Insektisida Lambung','0.0000','0.0000','0.0000',4,1,NULL,'SINGLE','TEXT',115,NULL,'INSLB',2),(323,'Insulin','0.0000','0.0000','0.0000',2,1,53,'SINGLE','NUMERIC',630,NULL,'INSUL',2),(324,'Jam diperiksa','0.0000','0.0000','0.0000',2,1,NULL,'SINGLE','TEXT',0,NULL,'JAMPER',2),(325,'Jam diterima','0.0000','0.0000','0.0000',2,1,NULL,'SINGLE','TEXT',0,NULL,'JAMTE',2),(326,'Jam Pengeluaran','0.0000','0.0000','0.0000',2,1,NULL,'SINGLE','TEXT',0,NULL,'JAMPEL',2),(327,'Jamur','0.0000','0.0000','0.0000',7,1,NULL,'SINGLE','TEXT',0,NULL,'JMRT',2),(328,'Jaringan Otot','0.0000','0.0000','0.0000',11,1,NULL,'SINGLE','TEXT',0,NULL,'JRTT',2),(329,'Jenis Koloni','0.0000','0.0000','0.0000',4,1,NULL,'SINGLE','MEMO',0,NULL,'JNSKL',2),(330,'Jumlah Koloni','0.0000','0.0000','0.0000',4,1,NULL,'SINGLE','TEXT',0,NULL,'JMLKL',2),(331,'Jumlah Retikulosit','0.0000','0.0000','0.0000',8,1,65,'SINGLE','NUMERIC',385,NULL,'RET',2),(332,'Jumlah Sel','0.0000','0.0000','0.0000',8,1,29,'SINGLE','NUMERIC',0,NULL,'JSELA',2),(333,'Jumlah Sel (Lain-Lain)','0.0000','0.0000','0.0000',4,1,NULL,'SINGLE','NUMERIC',50,NULL,'JSEL',2),(334,'Jumlah Sel Lekosit','0.0000','0.0000','0.0000',5,1,29,'SINGLE','NUMERIC',0,NULL,'SELLQ',2),(335,'Jumlah Sperma / plp','0.0000','0.0000','0.0000',2,1,24,'SINGLE','TEXT',0,NULL,'JMSLS',2),(336,'Jumlah Sperma juta/ml','0.0000','0.0000','0.0000',2,1,16,'SINGLE','NUMERIC',0,NULL,'JSPS',2),(337,'Jumlah Sperma/ejrootlat','0.0000','0.0000','0.0000',2,1,17,'SINGLE','NUMERIC',0,NULL,'JSPES',2),(338,'Jumlah Sperma/plp','0.0000','0.0000','0.0000',2,1,24,'SINGLE','NUMERIC',0,NULL,'JSLPB',2),(339,'Jumlah.Sperma/plp','0.0000','0.0000','0.0000',2,1,24,'SINGLE','NUMERIC',0,NULL,'JPLPS',2),(340,'Kalium (K)','0.0000','0.0000','0.0000',6,8,44,'SINGLE','NUMERIC',225,NULL,'K',2),(341,'Kalium (K) Urin','0.0000','0.0000','0.0000',6,1,55,'SINGLE','NUMERIC',0,NULL,'KU',2),(342,'Kalium (K) Urin 24 jam','0.0000','0.0000','0.0000',6,1,54,'SINGLE','NUMERIC',0,NULL,'KU-K',2),(343,'Kalsiom Ion (Ca++ )','0.0000','0.0000','0.0000',6,1,64,'SINGLE','NUMERIC',240,NULL,'ICA',2),(344,'Kalsium (Ca) Urin','0.0000','0.0000','0.0000',6,1,64,'SINGLE','NUMERIC',0,NULL,'CAU',2),(345,'Kalsium (Ca) Urin 24 jam','0.0000','0.0000','0.0000',6,1,59,'SINGLE','NUMERIC',0,NULL,'CAU-K',2),(346,'Kalsium (Ca. Bebas)','0.0000','0.0000','0.0000',6,8,64,'SINGLE','NUMERIC',235,NULL,'CA',2),(347,'Kalsium(Ca)','0.0000','0.0000','0.0000',6,1,65,'SINGLE','NUMERIC',0,NULL,'CALBG',2),(348,'Karbohidrat','0.0000','0.0000','0.0000',11,1,NULL,'SINGLE','TEXT',0,NULL,'KBTF',2),(349,'Karbohidrat Feses ','0.0000','0.0000','0.0000',11,1,NULL,'SINGLE','TEXT',0,NULL,'KARBT',2),(350,'Kejernihan','0.0000','0.0000','0.0000',7,13,NULL,'SINGLE','TEXT',15,NULL,'JENIH',2),(351,'Keracunan','0.0000','0.0000','0.0000',4,1,NULL,'SINGLE','NUMERIC',105,NULL,'KERCN',2),(352,'KESAN-KESAN :','0.0000','0.0000','0.0000',2,1,NULL,'SINGLE','TEXT',230,NULL,'KESAN',2),(353,'Kesimpulan','0.0000','0.0000','0.0000',6,1,NULL,'SINGLE','MEMO',0,NULL,'KESBE',2),(354,'Kesimpulan :','0.0000','0.0000','0.0000',6,1,NULL,'SINGLE','MEMO',0,NULL,'KESBG',2),(355,'Keterangan Klinik','0.0000','0.0000','0.0000',8,1,NULL,'SINGLE','MEMO',0,NULL,'KETST',2),(356,'Keton Urine','0.0000','0.0000','0.0000',7,13,64,'SINGLE','TEXT',40,NULL,'KETU',2),(357,'Kimia','0.0000','0.0000','0.0000',6,NULL,NULL,'PROFILE','',0,NULL,'KIMIA',2),(358,'Kista','0.0000','0.0000','0.0000',11,16,NULL,'SINGLE','TEXT',145,NULL,'KISTA',2),(359,'Kliren I','0.0000','0.0000','0.0000',6,1,NULL,'SINGLE','NUMERIC',0,NULL,'KLIRNS',2),(360,'Klirens II','0.0000','0.0000','0.0000',6,1,NULL,'SINGLE','NUMERIC',0,NULL,'KLIRN2',2),(361,'Klorida','0.0000','0.0000','0.0000',6,1,55,'SINGLE','NUMERIC',0,NULL,'CLP',2),(362,'Klorida (Cl)','0.0000','0.0000','0.0000',6,8,44,'SINGLE','NUMERIC',230,NULL,'CL',2),(363,'Klorida (Cl) Urin','0.0000','0.0000','0.0000',6,1,55,'SINGLE','NUMERIC',0,NULL,'CLU',2),(364,'Klorida (Cl) Urin 24 jam','0.0000','0.0000','0.0000',6,1,54,'SINGLE','NUMERIC',0,NULL,'CLU-K',2),(365,'Koagulum','0.0000','0.0000','0.0000',2,1,NULL,'SINGLE','TEXT',0,NULL,'KOAGS',2),(368,'Kolesterol Rafid','0.0000','0.0000','0.0000',6,1,NULL,'SINGLE','TEXT',0,NULL,'KORAF',2),(369,'Kolesterol Total','28000.0000','28000.0000','28000.0000',6,14,64,'SINGLE','NUMERIC',45,'2016-04-08 09:32:40','CHOL',2),(370,'Kolinesterase (CHE)','0.0000','0.0000','0.0000',6,1,34,'SINGLE','NUMERIC',180,NULL,'CHE',2),(371,'Konsistensi','0.0000','0.0000','0.0000',11,15,NULL,'SINGLE','TEXT',20,NULL,'KONST',2),(372,'Konsultasi','0.0000','0.0000','0.0000',2,1,NULL,'SINGLE','TEXT',0,NULL,'KONSUL',2),(373,'Kreatinin','25000.0000','28000.0000','25000.0000',6,9,64,'SINGLE','NUMERIC',35,'2016-04-08 10:40:30','CREA',2),(374,'Kreatinin Darah','0.0000','0.0000','0.0000',6,1,73,'SINGLE','NUMERIC',0,NULL,'SCREA',2),(375,'Kreatinin Urin','0.0000','0.0000','0.0000',6,1,64,'SINGLE','NUMERIC',0,NULL,'CREAU',2),(376,'Kreatinin Urin 24 jam','0.0000','0.0000','0.0000',6,1,59,'SINGLE','NUMERIC',0,NULL,'UCREA',2),(377,'Kristal','0.0000','0.0000','0.0000',7,17,25,'SINGLE','TEXT',95,NULL,'KRISU',2),(378,'Kristal-kristal','0.0000','0.0000','0.0000',2,1,NULL,'SINGLE','TEXT',0,NULL,'KRISS',2),(379,'Kultur','0.0000','0.0000','0.0000',2,1,NULL,'SINGLE','TEXT',0,NULL,'KULTU',2),(380,'Kunkel','0.0000','0.0000','0.0000',6,1,NULL,'SINGLE','NUMERIC',0,NULL,'KUNK',2),(381,'Laju Endap Darah J-1','11000.0000','11000.0000','11000.0000',8,4,41,'SINGLE','NUMERIC',165,'2016-04-07 13:51:47','LED',2),(382,'Laju Endap Darah J-2','0.0000','0.0000','0.0000',8,4,41,'SINGLE','NUMERIC',170,NULL,'LED 2',2),(383,'Large Imm. Cell','0.0000','0.0000','0.0000',8,7,65,'SINGLE','NUMERIC',280,NULL,'LIC%',2),(384,'Larva Cacing','0.0000','0.0000','0.0000',7,1,NULL,'SINGLE','TEXT',0,NULL,'LARVT',2),(386,'LDH Cairan','0.0000','0.0000','0.0000',4,1,18,'SINGLE','NUMERIC',45,NULL,'LDHC',2),(387,'LE Test','0.0000','0.0000','0.0000',2,1,NULL,'SINGLE','TEXT',0,NULL,'LETES',2),(388,'Lekosit','11000.0000','11000.0000','11000.0000',8,4,76,'SINGLE','NUMERIC',150,'2016-04-08 10:15:30','LEKO',2),(389,'Lekosit Cairan Lambung','0.0000','0.0000','0.0000',7,1,26,'SINGLE','NUMERIC',0,NULL,'LEKCL',2),(390,'Lekosit Faeces','0.0000','0.0000','0.0000',11,16,26,'SINGLE','NUMERIC',70,NULL,'LEKT',2),(391,'Lekosit Imuno','0.0000','0.0000','0.0000',2,1,15,'SINGLE','TEXT',0,NULL,'PENS',2),(392,'Lekosit Urin','0.0000','0.0000','0.0000',7,17,26,'SINGLE','NUMERIC',75,NULL,'LEKU',2),(393,'Lemak','0.0000','0.0000','0.0000',11,16,NULL,'SINGLE','TEXT',180,NULL,'LEMT',2),(394,'Lendir','0.0000','0.0000','0.0000',11,15,NULL,'SINGLE','TEXT',25,NULL,'LDRT',2),(395,'Lengkap/Tdk Lengkap','0.0000','0.0000','0.0000',2,1,NULL,'SINGLE','TEXT',0,NULL,'LENGK',2),(396,'Leptospira IgG','0.0000','0.0000','0.0000',2,2,NULL,'SINGLE','TEXT',0,NULL,'LEPTG',2),(397,'Leptospira IgM','0.0000','0.0000','0.0000',2,1,NULL,'SINGLE','TEXT',0,NULL,'LEPTO',2),(398,'LH','0.0000','0.0000','0.0000',2,1,52,'SINGLE','NUMERIC',360,NULL,'LH',2),(399,'Likuefaksi lengkap','0.0000','0.0000','0.0000',2,1,21,'SINGLE','NUMERIC',0,NULL,'LIKUS',2),(400,'Limfosit %','0.0000','0.0000','0.0000',8,7,65,'SINGLE','NUMERIC',240,NULL,'LYM',2),(401,'Lipase','0.0000','0.0000','0.0000',6,1,18,'SINGLE','NUMERIC',160,NULL,'LIPAS',2),(402,'Lipoprotein (a)','0.0000','0.0000','0.0000',6,1,64,'SINGLE','NUMERIC',205,NULL,'LPA',2),(404,'Luminal','0.0000','0.0000','0.0000',2,1,45,'SINGLE','NUMERIC',400,NULL,'LUMIN',2),(405,'Magnesium','0.0000','0.0000','0.0000',6,1,65,'SINGLE','NUMERIC',0,NULL,'MGBG',2),(406,'Magnesium (Mg)','0.0000','0.0000','0.0000',6,8,64,'SINGLE','NUMERIC',245,NULL,'MG',2),(407,'Magnesium (Mg) Urin','0.0000','0.0000','0.0000',6,1,64,'SINGLE','NUMERIC',0,NULL,'MGU',2),(408,'Magnesium (Mg) Urin 24 j','0.0000','0.0000','0.0000',6,1,59,'SINGLE','NUMERIC',0,NULL,'MGU-K',2),(409,'Magnesium Liquor','0.0000','0.0000','0.0000',4,1,64,'SINGLE','NUMERIC',0,NULL,'MGLQ',2),(410,'Makroskopis','0.0000','0.0000','0.0000',6,1,NULL,'SINGLE','MEMO',0,NULL,'MAKBE',2),(411,'Makroskopis :','0.0000','0.0000','0.0000',6,1,NULL,'SINGLE','MEMO',0,NULL,'MAKBG',2),(412,'Marijuana (Ganja)','0.0000','0.0000','0.0000',2,1,NULL,'SINGLE','TEXT',420,NULL,'GANJA',2),(413,'Masa Klirens','0.0000','0.0000','0.0000',6,1,21,'SINGLE','NUMERIC',0,NULL,'MSCCT',2),(414,'Masa Pembekuan/CT','11000.0000','11000.0000','11000.0000',8,1,21,'SINGLE','NUMERIC',25,'2016-04-08 10:38:53','CT',2),(415,'Masa Pendarahan/BT','11000.0000','11000.0000','11000.0000',8,1,21,'SINGLE','NUMERIC',20,'2016-04-08 10:37:24','BT',2),(416,'Masa Prothrombin (PT)','0.0000','0.0000','0.0000',8,5,22,'SINGLE','NUMERIC',35,NULL,'PT.',2),(417,'Masa Rekalsifikasi','0.0000','0.0000','0.0000',8,1,22,'SINGLE','NUMERIC',70,NULL,'REKAL',2),(418,'Masa Trombin (TT)','0.0000','0.0000','0.0000',8,1,22,'SINGLE','NUMERIC',55,NULL,'TT',2),(419,'MCA','0.0000','0.0000','0.0000',2,1,50,'SINGLE','NUMERIC',345,NULL,'MCA',2),(420,'MCH','0.0000','0.0000','0.0000',8,12,38,'SINGLE','NUMERIC',162,NULL,'MCH',2),(421,'MCHC','0.0000','0.0000','0.0000',8,12,65,'SINGLE','NUMERIC',163,NULL,'MCHC',2),(422,'MCU2','0.0000','0.0000','0.0000',1,1,NULL,'','',0,NULL,'MCU2',2),(423,'MCV','0.0000','0.0000','0.0000',8,12,36,'SINGLE','NUMERIC',161,NULL,'MCV',2),(424,'Medical Check Up','0.0000','0.0000','0.0000',1,1,NULL,'','',0,NULL,'MCU',2),(425,'Megakariocyt','0.0000','0.0000','0.0000',8,1,65,'SINGLE','NUMERIC',270,NULL,'MEGA',2),(426,'Metamielosit','0.0000','0.0000','0.0000',8,1,65,'SINGLE','NUMERIC',275,NULL,'META',2),(427,'Methamphetamin','0.0000','0.0000','0.0000',2,1,NULL,'SINGLE','TEXT',0,NULL,'METAMP',2),(428,'Micro Albumin Urin','0.0000','0.0000','0.0000',7,1,NULL,'SINGLE','TEXT',0,NULL,'MICU',2),(429,'MID','0.0000','0.0000','0.0000',8,7,65,'SINGLE','NUMERIC',246,NULL,'MID',2),(430,'MID#','0.0000','0.0000','0.0000',8,2,30,'SINGLE','NUMERIC',329,NULL,'MID#',2),(432,'Mielosit','0.0000','0.0000','0.0000',8,1,65,'SINGLE','NUMERIC',285,NULL,'MIELO',2),(433,'Mikrofilaria','0.0000','0.0000','0.0000',8,1,NULL,'SINGLE','TEXT',575,NULL,'MIKFLA',2),(434,'MN','0.0000','0.0000','0.0000',8,1,65,'SINGLE','NUMERIC',0,NULL,'MNA',2),(435,'Monosit %','0.0000','0.0000','0.0000',8,7,65,'SINGLE','NUMERIC',245,NULL,'MONO',2),(436,'Morfin','0.0000','0.0000','0.0000',2,1,NULL,'SINGLE','TEXT',0,NULL,'MORFIN',2),(437,'Morfologi Darah Tepi','0.0000','0.0000','0.0000',8,1,NULL,'SINGLE','MEMO',395,NULL,'MORDT',2),(439,'Motilitas Sperma (A+B)','0.0000','0.0000','0.0000',2,1,65,'SINGLE','NUMERIC',0,NULL,'MOTS',2),(440,'MPV','0.0000','0.0000','0.0000',8,4,36,'SINGLE','NUMERIC',210,NULL,'MPV',2),(441,'MXD','0.0000','0.0000','0.0000',8,7,65,'SINGLE','NUMERIC',380,NULL,'MXD%',2),(442,'Myeloblast','0.0000','0.0000','0.0000',8,1,65,'SINGLE','NUMERIC',290,NULL,'MIOBLA',2),(443,'Myeloperoksidase','0.0000','0.0000','0.0000',8,1,NULL,'SINGLE','NUMERIC',545,NULL,'MYELO',2),(444,'Myoglobin Urin','0.0000','0.0000','0.0000',7,1,NULL,'SINGLE','TEXT',0,NULL,'MYOGU',2),(445,'N. GO','0.0000','0.0000','0.0000',10,1,NULL,'SINGLE','TEXT',0,NULL,'NGO',2),(446,'Nanah','0.0000','0.0000','0.0000',11,15,NULL,'SINGLE','TEXT',40,NULL,'NANAH',2),(447,'NAP','0.0000','0.0000','0.0000',8,1,NULL,'SINGLE','NUMERIC',495,NULL,'NAP',2),(448,'NARKOBA','0.0000','0.0000','0.0000',4,NULL,65,'SINGLE','TEXT',0,NULL,'NKB',2),(449,'Natrium (Na)','0.0000','0.0000','0.0000',6,8,44,'SINGLE','NUMERIC',220,NULL,'NA',2),(450,'Natrium (Na) Urin','0.0000','0.0000','0.0000',6,1,55,'SINGLE','NUMERIC',0,NULL,'NAU',2),(451,'Natrium (Na) Urin 24 jam','0.0000','0.0000','0.0000',6,1,59,'SINGLE','NUMERIC',0,NULL,'NAU-K',2),(452,'Netrofil','0.0000','0.0000','0.0000',8,7,65,'SINGLE','NUMERIC',255,NULL,'NEU',2),(453,'Nitrit Urine','0.0000','0.0000','0.0000',7,13,NULL,'SINGLE','TEXT',60,NULL,'NITU',2),(454,'NON GYNAE CYTOLOGY REPORT','0.0000','0.0000','0.0000',9,1,NULL,'SINGLE','MEMO',0,NULL,'NYRD',2),(455,'Nonne','0.0000','0.0000','0.0000',4,1,NULL,'SINGLE','TEXT',55,NULL,'NONE',2),(456,'Normoblas','0.0000','0.0000','0.0000',8,1,65,'SINGLE','NUMERIC',0,NULL,'NORB',2),(457,'Normoblast acidopil','0.0000','0.0000','0.0000',8,1,65,'SINGLE','NUMERIC',260,NULL,'NORBA',2),(458,'Normoblast basophillic','0.0000','0.0000','0.0000',8,1,65,'SINGLE','NUMERIC',305,NULL,'NORBB',2),(459,'Normoblast policromatopil','0.0000','0.0000','0.0000',8,1,65,'SINGLE','NUMERIC',315,NULL,'NORBP',2),(460,'NSE','0.0000','0.0000','0.0000',2,1,49,'SINGLE','NUMERIC',60,NULL,'NSE',2),(462,'Opiat','0.0000','0.0000','0.0000',2,1,NULL,'SINGLE','TEXT',415,NULL,'OPIAT',2),(463,'Osmolaritas Plasma','0.0000','0.0000','0.0000',6,2,70,'SINGLE','NUMERIC',200,NULL,'OSMOP',2),(464,'Osmolaritas Serum','0.0000','0.0000','0.0000',6,2,69,'SINGLE','NUMERIC',195,NULL,'OSMOS',2),(465,'Osmolaritas Urine','0.0000','0.0000','0.0000',7,1,68,'SINGLE','NUMERIC',0,NULL,'OSMOU',2),(466,'Osteocalcin','0.0000','0.0000','0.0000',2,1,NULL,'SINGLE','NUMERIC',0,NULL,'OEST',2),(468,'Oxalat','0.0000','0.0000','0.0000',6,1,65,'SINGLE','NUMERIC',0,NULL,'OXLBG',2),(469,'Oxalat Batu Empedu','0.0000','0.0000','0.0000',6,1,NULL,'SINGLE','NUMERIC',0,NULL,'OXABE',2),(470,'P-LCR','0.0000','0.0000','0.0000',8,4,65,'SINGLE','NUMERIC',205,NULL,'PLCR',2),(471,'P. Falciparum Malaria','0.0000','0.0000','0.0000',2,1,NULL,'SINGLE','TEXT',15,NULL,'PFAL',2),(472,'P. Vivax Malaria','0.0000','0.0000','0.0000',2,1,NULL,'SINGLE','TEXT',10,NULL,'PVIV',2),(473,'Packed Red Cell','0.0000','0.0000','0.0000',3,1,NULL,'SINGLE','TEXT',0,NULL,'PRC',2),(474,'PAKET IGD','0.0000','0.0000','0.0000',6,NULL,NULL,'PROFILE','',0,NULL,'PUGD',2),(475,'Pandy','0.0000','0.0000','0.0000',4,1,NULL,'SINGLE','TEXT',60,NULL,'PANDY',2),(476,'Parathyroid Hormon','0.0000','0.0000','0.0000',2,1,31,'SINGLE','NUMERIC',485,NULL,'PTH',2),(477,'PAS','0.0000','0.0000','0.0000',8,1,NULL,'SINGLE','TEXT',500,NULL,'PAS',2),(478,'PATOLOGI ANATOMI','0.0000','0.0000','0.0000',9,NULL,NULL,'SINGLE','MEMO',0,NULL,'PA',2),(479,'Paul Bunnel','0.0000','0.0000','0.0000',3,1,NULL,'SINGLE','NUMERIC',0,NULL,'PAULB',2),(480,'PCO2','0.0000','0.0000','0.0000',4,3,42,'SINGLE','NUMERIC',15,NULL,'PCO2',2),(481,'PCO2 (Vena)','0.0000','0.0000','0.0000',4,1,42,'SINGLE','NUMERIC',0,NULL,'PCO2V',2),(482,'PCR  Salmonella typhi','0.0000','0.0000','0.0000',10,1,NULL,'SINGLE','MEMO',0,NULL,'PCRSAL',2),(483,'PCR Mycoplasma pneumonial','0.0000','0.0000','0.0000',10,1,NULL,'SINGLE','MEMO',0,NULL,'PCRMP',2),(484,'PCR TBC','0.0000','0.0000','0.0000',2,1,NULL,'SINGLE','TEXT',105,NULL,'PCRTB',2),(485,'PCR-DHF','0.0000','0.0000','0.0000',2,1,NULL,'SINGLE','NUMERIC',0,NULL,'PCRDHF',2),(486,'PCT','0.0000','0.0000','0.0000',8,4,65,'SINGLE','NUMERIC',215,NULL,'PCT',2),(487,'PDW','0.0000','0.0000','0.0000',8,4,36,'SINGLE','NUMERIC',190,NULL,'PDW',2),(488,'PEMERIKSAAN MIKROSKOPIS','0.0000','0.0000','0.0000',2,1,NULL,'SINGLE','MEMO',0,NULL,'PEMIKS',2),(489,'Pemeriksaan Sumsum Tulang','0.0000','0.0000','0.0000',8,1,NULL,'SINGLE','MEMO',0,NULL,'PSTST',2),(490,'Pengenceran','0.0000','0.0000','0.0000',6,1,NULL,'SINGLE','NUMERIC',0,NULL,'PAMIU',2),(491,'Pew. Acid Fosfatase','0.0000','0.0000','0.0000',8,1,NULL,'SINGLE','TEXT',535,NULL,'PAPHO',2),(492,'Pewarnaan Besi','0.0000','0.0000','0.0000',8,1,NULL,'SINGLE','NUMERIC',485,NULL,'PFE',2),(493,'Pewarnaan Wright 5pr','0.0000','0.0000','0.0000',8,1,NULL,'SINGLE','MEMO',425,NULL,'PEWW',2),(494,'pH','0.0000','0.0000','0.0000',4,3,NULL,'SINGLE','NUMERIC',10,NULL,'PH',2),(495,'PH (Vena)','0.0000','0.0000','0.0000',4,1,NULL,'SINGLE','NUMERIC',0,NULL,'PHV',2),(496,'pH C.Lambung','0.0000','0.0000','0.0000',6,1,NULL,'SINGLE','NUMERIC',0,NULL,'PHCL',2),(497,'PH Feces','0.0000','0.0000','0.0000',7,1,NULL,'SINGLE','TEXT',0,NULL,'PHT',2),(498,'pH Sperma','0.0000','0.0000','0.0000',2,1,NULL,'SINGLE','NUMERIC',0,NULL,'PHS',2),(499,'pH Urine','0.0000','0.0000','0.0000',7,13,NULL,'SINGLE','NUMERIC',20,NULL,'PHU',2),(500,'Phenyl Keton URIN','0.0000','0.0000','0.0000',6,1,NULL,'SINGLE','TEXT',275,NULL,'PHNKU',2),(501,'Phospat Batu Empedu','0.0000','0.0000','0.0000',6,1,NULL,'SINGLE','NUMERIC',0,NULL,'PHOBE',2),(502,'Phospolipid','0.0000','0.0000','0.0000',6,1,64,'SINGLE','NUMERIC',135,NULL,'PHOLIP',2),(503,'Phospor Anorganik (P)','0.0000','0.0000','0.0000',6,1,64,'SINGLE','NUMERIC',255,NULL,'PHOS',2),(504,'Pin-Head','0.0000','0.0000','0.0000',2,1,65,'SINGLE','NUMERIC',0,NULL,'PINHS',2),(505,'Pivka','0.0000','0.0000','0.0000',2,1,72,'SINGLE','TEXT',0,NULL,'PIVKA',2),(506,'PKU','0.0000','0.0000','0.0000',2,1,NULL,'SINGLE','TEXT',0,NULL,'PKUU',2),(507,'Plasma','0.0000','0.0000','0.0000',3,1,58,'SINGLE','NUMERIC',0,NULL,'PLASM',2),(508,'Plasma Cell','0.0000','0.0000','0.0000',8,1,65,'SINGLE','NUMERIC',590,NULL,'PLASMC',2),(509,'Plumbum (Pb)','0.0000','0.0000','0.0000',6,1,NULL,'SINGLE','NUMERIC',250,NULL,'PB',2),(510,'PMN','0.0000','0.0000','0.0000',8,1,65,'SINGLE','NUMERIC',0,NULL,'PMNA',2),(511,'Pneumo Test','0.0000','0.0000','0.0000',2,1,NULL,'SINGLE','TEXT',625,NULL,'PNEUT',2),(512,'PO2','0.0000','0.0000','0.0000',4,3,42,'SINGLE','NUMERIC',20,NULL,'PO2',2),(513,'PO2 (Vena)','0.0000','0.0000','0.0000',4,1,42,'SINGLE','NUMERIC',0,NULL,'PO2V',2),(514,'Preparat','0.0000','0.0000','0.0000',10,1,NULL,'SINGLE','MEMO',0,NULL,'PREPRT',2),(515,'Preparat 1','0.0000','0.0000','0.0000',10,1,NULL,'SINGLE','MEMO',0,NULL,'PREP1',2),(516,'Preparat 2','0.0000','0.0000','0.0000',10,1,NULL,'SINGLE','MEMO',0,NULL,'PREP2',2),(517,'Preparat 3','0.0000','0.0000','0.0000',10,1,NULL,'SINGLE','MEMO',0,NULL,'PREP3',2),(518,'Preparat BTA','28000.0000','28000.0000','28000.0000',10,1,0,'SINGLE','MEMO',150,'2016-04-08 10:36:39','BTA',2),(519,'Preparat Gram','0.0000','0.0000','0.0000',10,1,NULL,'SINGLE','MEMO',230,NULL,'GRAM',2),(520,'Preparat Jamur','0.0000','0.0000','0.0000',10,1,NULL,'SINGLE','MEMO',130,NULL,'JAMUR',2),(521,'Preparat Langsung','0.0000','0.0000','0.0000',10,1,NULL,'SINGLE','MEMO',220,NULL,'DIREK',2),(522,'Preparat Malaria','0.0000','0.0000','0.0000',8,1,NULL,'SINGLE','TEXT',120,NULL,'MALA',2),(523,'Preparat test','0.0000','0.0000','0.0000',9,1,NULL,'SINGLE','MEMO',0,NULL,'PREPT',2),(524,'Preparat Tinta India','0.0000','0.0000','0.0000',10,1,NULL,'SINGLE','MEMO',260,NULL,'TINDIA',2),(525,'PROFIL LIPID','0.0000','0.0000','0.0000',6,NULL,NULL,'PROFILE','',0,NULL,'PROP',2),(526,'Progesteron','0.0000','0.0000','0.0000',2,1,49,'SINGLE','MEMO',375,NULL,'PROG',2),(527,'Prolaktin','0.0000','0.0000','0.0000',2,1,49,'SINGLE','NUMERIC',365,NULL,'PROL',2),(528,'Promielosit','0.0000','0.0000','0.0000',8,1,65,'SINGLE','NUMERIC',310,NULL,'PROM',2),(529,'Pronormoblast','0.0000','0.0000','0.0000',8,1,65,'SINGLE','NUMERIC',325,NULL,'PRONO',2),(530,'Prostat','0.0000','0.0000','0.0000',6,1,67,'SINGLE','NUMERIC',0,NULL,'PROST',2),(531,'Protein Bence Jones','0.0000','0.0000','0.0000',7,1,NULL,'SINGLE','TEXT',0,NULL,'PBJU',2),(532,'Protein C','0.0000','0.0000','0.0000',4,1,NULL,'SINGLE','NUMERIC',125,NULL,'PROTC',2),(533,'Protein C. Pleura','0.0000','0.0000','0.0000',6,1,64,'SINGLE','NUMERIC',0,NULL,'TPP',2),(534,'Protein Cairan','0.0000','0.0000','0.0000',4,1,64,'SINGLE','NUMERIC',75,NULL,'PROLQ',2),(535,'Protein S','0.0000','0.0000','0.0000',4,1,NULL,'SINGLE','NUMERIC',130,NULL,'PROTS',2),(536,'Protein Total','17000.0000','19000.0000','17000.0000',6,7,63,'SINGLE','NUMERIC',80,'2016-04-07 13:50:01','TP',2),(537,'Protein Urin','0.0000','0.0000','0.0000',7,1,NULL,'SINGLE','TEXT',0,NULL,'PROUE',2),(538,'Protein Urin Kuantitatif','0.0000','0.0000','0.0000',7,1,59,'SINGLE','NUMERIC',0,NULL,'TPUK',2),(539,'Protein Urine','0.0000','0.0000','0.0000',7,13,64,'SINGLE','TEXT',30,NULL,'PROTU',2),(540,'PSA','0.0000','0.0000','0.0000',2,1,49,'SINGLE','NUMERIC',325,NULL,'PSA',2),(541,'Pus','0.0000','0.0000','0.0000',11,NULL,NULL,'SINGLE','TEXT',30,NULL,'PUS',2),(542,'Pyrogen Test','0.0000','0.0000','0.0000',4,1,NULL,'SINGLE','TEXT',110,NULL,'PYRGT',2),(543,'Pyrufat Kinase','0.0000','0.0000','0.0000',6,1,NULL,'SINGLE','TEXT',0,NULL,'PYRU',2),(544,'RA Kuantitatif','0.0000','0.0000','0.0000',2,1,39,'SINGLE','TEXT',0,NULL,'RAK',2),(545,'Rata-rata','0.0000','0.0000','0.0000',6,1,NULL,'SINGLE','NUMERIC',0,NULL,'KLIRT',2),(546,'RDW-CV','0.0000','0.0000','0.0000',8,4,65,'SINGLE','NUMERIC',200,NULL,'RDWCV',2),(547,'RDW-SD','0.0000','0.0000','0.0000',8,4,36,'SINGLE','NUMERIC',195,NULL,'RDWSD',2),(548,'Reduksi','0.0000','0.0000','0.0000',7,13,NULL,'SINGLE','TEXT',35,NULL,'REDKS',2),(549,'Resistensi Aerob','0.0000','0.0000','0.0000',10,1,NULL,'SINGLE','MEMO',0,NULL,'REAR',2),(550,'Resistensi an aerob','0.0000','0.0000','0.0000',10,1,NULL,'SINGLE','MEMO',0,NULL,'REAN',2),(552,'Resistensi M. TBC','0.0000','0.0000','0.0000',10,1,NULL,'SINGLE','MEMO',0,NULL,'RTBC',2),(553,'Resistensi Osmotik','0.0000','0.0000','0.0000',8,1,NULL,'SINGLE','TEXT',0,NULL,'RESOK',2),(554,'Resistensi Osmotik Max','0.0000','0.0000','0.0000',8,1,65,'SINGLE','NUMERIC',415,NULL,'ROMAX',2),(555,'Resistensi Osmotik Min','0.0000','0.0000','0.0000',8,1,65,'SINGLE','NUMERIC',420,NULL,'ROMIN',2),(556,'Resume','0.0000','0.0000','0.0000',8,1,NULL,'SINGLE','MEMO',0,NULL,'RESST',2),(557,'Reticulum cells','0.0000','0.0000','0.0000',8,1,65,'SINGLE','NUMERIC',570,NULL,'RETCEL',2),(558,'Retikulosit','0.0000','0.0000','0.0000',8,1,65,'SINGLE','NUMERIC',0,NULL,'RETP',2),(559,'Retikulosit Absolut','0.0000','0.0000','0.0000',8,1,30,'SINGLE','NUMERIC',555,NULL,'RETABS',2),(560,'Retraksi Bekuan','0.0000','0.0000','0.0000',8,1,65,'SINGLE','NUMERIC',540,NULL,'RBEKU',2),(561,'Rhesus Faktor','0.0000','0.0000','0.0000',8,1,NULL,'SINGLE','TEXT',115,NULL,'RHE',2),(562,'Rheumatoid Factor','0.0000','0.0000','0.0000',2,1,NULL,'SINGLE','TEXT',280,NULL,'RF',2),(563,'Rivalta','0.0000','0.0000','0.0000',4,1,NULL,'SINGLE','TEXT',65,NULL,'RIVAL',2),(565,'Ruangan','0.0000','0.0000','0.0000',4,1,NULL,'SINGLE','TEXT',0,NULL,'RUANG',2),(566,'Rumpel Leede','0.0000','0.0000','0.0000',8,1,NULL,'SINGLE','TEXT',90,NULL,'RUMLE',2),(568,'S. Paratyphi AH','0.0000','0.0000','0.0000',2,19,NULL,'SINGLE','TEXT',30,NULL,'PAHS',2),(569,'S. Paratyphi AO','0.0000','0.0000','0.0000',2,19,NULL,'SINGLE','TEXT',45,NULL,'PAOS',2),(570,'S. Paratyphi BH','0.0000','0.0000','0.0000',2,19,NULL,'SINGLE','TEXT',35,NULL,'PBHS',2),(571,'S. Paratyphi BO','0.0000','0.0000','0.0000',2,19,NULL,'SINGLE','TEXT',50,NULL,'PBOS',2),(572,'S. Paratyphi CH','0.0000','0.0000','0.0000',2,19,NULL,'SINGLE','TEXT',40,NULL,'PCHS',2),(573,'S. Paratyphi CO','0.0000','0.0000','0.0000',2,19,NULL,'SINGLE','TEXT',55,NULL,'PCOS',2),(574,'Salmonela Typhi H','0.0000','0.0000','0.0000',2,19,NULL,'SINGLE','TEXT',20,NULL,'TYHS',2),(575,'SalmonelaTyphi O','0.0000','0.0000','0.0000',2,19,NULL,'SINGLE','TEXT',42,NULL,'TYOS',2),(577,'Saran','0.0000','0.0000','0.0000',4,1,NULL,'SINGLE','MEMO',0,NULL,'SARAN',2),(578,'Saturasi O2','0.0000','0.0000','0.0000',4,3,65,'SINGLE','NUMERIC',30,NULL,'SATO2',2),(580,'SCC','0.0000','0.0000','0.0000',2,1,49,'SINGLE','NUMERIC',310,NULL,'SCC',2),(581,'Segmen','0.0000','0.0000','0.0000',8,7,65,'SINGLE','NUMERIC',235,NULL,'SEG',2),(582,'Segmen Absolut','0.0000','0.0000','0.0000',8,2,NULL,'SINGLE','NUMERIC',520,NULL,'SEGT',2),(583,'Sel Bulat','0.0000','0.0000','0.0000',2,1,NULL,'SINGLE','TEXT',0,NULL,'RUNDZ',2),(584,'Sel Epitel','0.0000','0.0000','0.0000',7,17,25,'SINGLE','NUMERIC',70,NULL,'EPITU',2),(585,'Sel Epitel Faeces','0.0000','0.0000','0.0000',11,16,NULL,'SINGLE','TEXT',75,NULL,'EPIT',2),(586,'Sel LE','0.0000','0.0000','0.0000',8,1,NULL,'SINGLE','TEXT',410,NULL,'LESEL',2),(587,'Seramoeba Titer','0.0000','0.0000','0.0000',2,1,NULL,'SINGLE','TEXT',0,NULL,'SERAT',2),(588,'Serat Otot','0.0000','0.0000','0.0000',11,18,NULL,'SINGLE','TEXT',170,NULL,'SERT',2),(589,'Serat tumbuhan','0.0000','0.0000','0.0000',11,18,NULL,'SINGLE','TEXT',175,NULL,'SERTB',2),(590,'Seroamoeba','0.0000','0.0000','0.0000',2,1,NULL,'SINGLE','TEXT',0,NULL,'SERA',2),(591,'Serum Iron (Fe)','0.0000','0.0000','0.0000',6,1,46,'SINGLE','NUMERIC',210,NULL,'FE',2),(592,'Sideroblas','0.0000','0.0000','0.0000',8,1,65,'SINGLE','NUMERIC',295,NULL,'SIDER',2),(593,'Silinder','0.0000','0.0000','0.0000',7,17,25,'SINGLE','TEXT',100,NULL,'SILU',2),(594,'Sisa Sayuran','0.0000','0.0000','0.0000',11,1,NULL,'SINGLE','TEXT',165,NULL,'SSYRN',2),(596,'SMA','0.0000','0.0000','0.0000',2,1,NULL,'SINGLE','NUMERIC',455,NULL,'SMA',2),(598,'Stab','0.0000','0.0000','0.0000',8,7,65,'SINGLE','NUMERIC',230,NULL,'STAB',2),(599,'Sterkobilin Feces','0.0000','0.0000','0.0000',11,1,NULL,'SINGLE','NUMERIC',0,NULL,'STERT',2),(600,'Strep. pneumoniae Ag','0.0000','0.0000','0.0000',2,1,NULL,'SINGLE','TEXT',0,NULL,'WSPAS',2),(601,'Strepto Test','0.0000','0.0000','0.0000',2,1,NULL,'SINGLE','TEXT',605,NULL,'STRPT',2),(602,'Sudan B Black','0.0000','0.0000','0.0000',8,1,NULL,'SINGLE','TEXT',15,NULL,'SBB',2),(603,'Sugar Water Test','0.0000','0.0000','0.0000',8,1,NULL,'SINGLE','TEXT',405,NULL,'SWT',2),(605,'T3','0.0000','0.0000','0.0000',2,NULL,NULL,'SINGLE','NUMERIC',0,NULL,'T3',2),(606,'T3 Thyroid H.','0.0000','0.0000','0.0000',2,1,NULL,'SINGLE','TEXT',495,NULL,'T3TH',2),(607,'T4','0.0000','0.0000','0.0000',2,NULL,46,'SINGLE','NUMERIC',0,NULL,'T4',2),(608,'T4 (T Cel)','0.0000','0.0000','0.0000',2,1,NULL,'SINGLE','TEXT',550,NULL,'T4CEL',2),(609,'T4 Thyroid H.','0.0000','0.0000','0.0000',2,1,NULL,'SINGLE','TEXT',500,NULL,'T4TH',2),(610,'T8 (B Cel)','0.0000','0.0000','0.0000',2,1,NULL,'SINGLE','TEXT',555,NULL,'T8CEL',2),(611,'Tacrolimus','0.0000','0.0000','0.0000',2,1,50,'SINGLE','NUMERIC',445,NULL,'TACRO',2),(612,'Tanpa Pengenceran 50IU/L','0.0000','0.0000','0.0000',7,1,NULL,'SINGLE','TEXT',0,NULL,'TKT0',2),(613,'TBK/FT4 I','0.0000','0.0000','0.0000',2,1,NULL,'SINGLE','TEXT',490,NULL,'TBK',2),(614,'TCO2','0.0000','0.0000','0.0000',4,3,44,'SINGLE','NUMERIC',35,NULL,'TCO2',2),(615,'TCO2 (Vena)','0.0000','0.0000','0.0000',4,1,44,'SINGLE','NUMERIC',0,NULL,'TCO2V',2),(616,'TEG','0.0000','0.0000','0.0000',8,1,NULL,'SINGLE','TEXT',490,NULL,'TEG',2),(617,'TEKANAN DARAH','0.0000','0.0000','0.0000',4,NULL,42,'SINGLE','NUMERIC',0,NULL,'TENSI',2),(618,'Telur Cacing','0.0000','0.0000','0.0000',11,16,NULL,'SINGLE','TEXT',80,NULL,'CACT',2),(619,'Teofilin','0.0000','0.0000','0.0000',2,1,45,'SINGLE','NUMERIC',405,NULL,'TEO',2),(620,'Terato','0.0000','0.0000','0.0000',2,1,65,'SINGLE','NUMERIC',530,NULL,'TERAS',2),(621,'Tes Kehamilan','22000.0000','22000.0000','22000.0000',7,1,0,'SINGLE','TEXT',0,'2016-04-07 13:50:50','TK',2),(622,'Test pack hcg','0.0000','0.0000','0.0000',7,1,NULL,'SINGLE','TEXT',0,NULL,'HCGTP',2),(623,'Test Subtitusi','0.0000','0.0000','0.0000',8,1,NULL,'SINGLE','TEXT',65,NULL,'SUBT',2),(624,'Testoteron','0.0000','0.0000','0.0000',2,1,50,'SINGLE','NUMERIC',385,NULL,'TESTO',2),(625,'THC','0.0000','0.0000','0.0000',2,1,NULL,'SINGLE','TEXT',0,NULL,'THC',2),(627,'Thrombocyt Concentrate','0.0000','0.0000','0.0000',3,1,11,'SINGLE','NUMERIC',0,NULL,'TROMC',2),(628,'Thyroglobulin','0.0000','0.0000','0.0000',6,1,49,'SINGLE','NUMERIC',290,NULL,'TYROG',2),(629,'TIBC','0.0000','0.0000','0.0000',6,1,46,'SINGLE','NUMERIC',145,NULL,'TIBC',2),(631,'Timbal','0.0000','0.0000','0.0000',2,1,NULL,'SINGLE','TEXT',0,NULL,'TIMBL',2),(633,'Tinja','11000.0000','11000.0000','11000.0000',11,0,0,'PROFILE','',0,'2016-04-07 13:56:41','FAECES',2),(634,'Titer','0.0000','0.0000','0.0000',2,1,61,'SINGLE','TEXT',0,NULL,'TITER',2),(635,'Titer 1:16','0.0000','0.0000','0.0000',7,1,NULL,'SINGLE','TEXT',0,NULL,'TKT16',2),(636,'Titer 1:2','0.0000','0.0000','0.0000',7,1,NULL,'SINGLE','TEXT',0,NULL,'TKT2',2),(637,'Titer 1:4','0.0000','0.0000','0.0000',7,1,NULL,'SINGLE','TEXT',0,NULL,'TKT4',2),(638,'Titer 1:8','0.0000','0.0000','0.0000',7,1,NULL,'SINGLE','TEXT',0,NULL,'TKT8',2),(639,'Titer Anti Bodi Polio','0.0000','0.0000','0.0000',2,1,NULL,'SINGLE','MEMO',0,NULL,'POLIO',2),(640,'Total Acid','0.0000','0.0000','0.0000',6,1,55,'SINGLE','NUMERIC',0,NULL,'TACID',2),(641,'Total Atyp Limfosit','0.0000','0.0000','0.0000',8,2,30,'SINGLE','NUMERIC',365,NULL,'ALY#',2),(642,'Total Basofil','0.0000','0.0000','0.0000',8,2,30,'SINGLE','NUMERIC',330,NULL,'BASO#',2),(643,'Total Eosinofil','0.0000','0.0000','0.0000',8,2,30,'SINGLE','NUMERIC',340,NULL,'EOST',2),(644,'Total Large Imm Cell','0.0000','0.0000','0.0000',8,2,30,'SINGLE','NUMERIC',360,NULL,'LIC#',2),(645,'Total Limfosit','0.0000','0.0000','0.0000',8,2,30,'SINGLE','NUMERIC',328,NULL,'LYM#',2),(646,'Total Lipid','0.0000','0.0000','0.0000',6,1,64,'SINGLE','NUMERIC',150,NULL,'TLIP',2),(647,'Total Monosit','0.0000','0.0000','0.0000',8,2,30,'SINGLE','NUMERIC',335,NULL,'MONO#',2),(648,'Total MXD','0.0000','0.0000','0.0000',8,2,30,'SINGLE','NUMERIC',375,NULL,'MXD#',2),(649,'Total Neutrofil','0.0000','0.0000','0.0000',8,2,30,'SINGLE','NUMERIC',350,NULL,'NEUT#',2),(650,'TPHA','0.0000','0.0000','0.0000',2,1,NULL,'SINGLE','TEXT',265,NULL,'TPHA',2),(651,'Transferin','0.0000','0.0000','0.0000',2,1,64,'SINGLE','NUMERIC',0,NULL,'TRANSF',2),(653,'Trigliserida','34000.0000','34000.0000','34000.0000',6,14,64,'SINGLE','NUMERIC',60,'2016-04-07 13:47:49','TG',2),(654,'Trombosit','11000.0000','11000.0000','11000.0000',8,4,30,'SINGLE','NUMERIC',155,'2016-04-08 10:17:33','TROMB',2),(655,'Trombotest','0.0000','0.0000','0.0000',8,1,65,'SINGLE','NUMERIC',50,NULL,'TROMT',2),(656,'Troponin T','0.0000','0.0000','0.0000',2,1,49,'SINGLE','NUMERIC',0,NULL,'TROPT',2),(657,'TSH','0.0000','0.0000','0.0000',2,1,39,'SINGLE','NUMERIC',480,NULL,'TSH',2),(658,'TTT','0.0000','0.0000','0.0000',6,1,NULL,'SINGLE','NUMERIC',0,NULL,'TTT',2),(659,'Tubex T','0.0000','0.0000','0.0000',2,1,NULL,'SINGLE','TEXT',0,NULL,'TUBEX',2),(660,'UIBC','0.0000','0.0000','0.0000',6,1,46,'SINGLE','NUMERIC',140,NULL,'UIBC',2),(668,'Urobilinogen Urine','0.0000','0.0000','0.0000',7,13,64,'SINGLE','TEXT',45,NULL,'UROU',2),(669,'Valproic Acid','0.0000','0.0000','0.0000',6,1,49,'SINGLE','NUMERIC',300,NULL,'VALPA',2),(671,'Viscositas Darah','0.0000','0.0000','0.0000',8,1,NULL,'SINGLE','NUMERIC',10,NULL,'VISCO',2),(672,'Viscositas Plasma','0.0000','0.0000','0.0000',8,1,NULL,'SINGLE','NUMERIC',560,NULL,'VISCPL',2),(673,'Viscositas Serum','0.0000','0.0000','0.0000',8,1,NULL,'SINGLE','NUMERIC',565,NULL,'VISCSR',2),(674,'Viskositas','0.0000','0.0000','0.0000',2,1,NULL,'SINGLE','NUMERIC',0,NULL,'VISCS',2),(675,'Vitalitas','0.0000','0.0000','0.0000',2,1,10,'SINGLE','NUMERIC',0,NULL,'VITAS',2),(676,'Vitamin A','0.0000','0.0000','0.0000',2,1,45,'SINGLE','NUMERIC',470,NULL,'VTA',2),(678,'VLDL','0.0000','0.0000','0.0000',6,1,64,'SINGLE','NUMERIC',185,NULL,'VLDL',2),(679,'VMA','0.0000','0.0000','0.0000',2,1,59,'SINGLE','NUMERIC',460,NULL,'VMA',2),(680,'Volume','0.0000','0.0000','0.0000',6,1,57,'SINGLE','NUMERIC',0,NULL,'VU-1',2),(681,'Volume sperma','0.0000','0.0000','0.0000',2,1,58,'SINGLE','NUMERIC',0,NULL,'VOLS',2),(683,'W.H.Influenza B','0.0000','0.0000','0.0000',2,1,NULL,'SINGLE','TEXT',0,NULL,'WHIBS',2),(684,'W.Meningitidis ACY','0.0000','0.0000','0.0000',2,1,NULL,'SINGLE','TEXT',0,NULL,'WMACS',2),(685,'W.Meningitidis B','0.0000','0.0000','0.0000',2,1,NULL,'SINGLE','TEXT',0,NULL,'WMBS',2),(686,'W.Strep beta antigen','0.0000','0.0000','0.0000',2,1,NULL,'SINGLE','TEXT',0,NULL,'WSBAS',2),(687,'Wadah','0.0000','0.0000','0.0000',2,1,NULL,'SINGLE','TEXT',0,NULL,'WADAH',2),(688,'Warna','0.0000','0.0000','0.0000',4,1,NULL,'SINGLE','TEXT',80,NULL,'WARNA',2),(689,'Warna Sperma','0.0000','0.0000','0.0000',2,1,58,'SINGLE','TEXT',0,NULL,'WARS',2),(690,'Warna Urin','0.0000','0.0000','0.0000',7,13,NULL,'SINGLE','TEXT',10,NULL,'WARU',2),(691,'Wash Erythrocyte','0.0000','0.0000','0.0000',3,1,11,'SINGLE','NUMERIC',0,NULL,'WASHE',2),(694,'LDL','22000.0000','28000.0000','22000.0000',6,14,64,'SINGLE','NUMERIC',NULL,'2016-04-13 14:12:17','',2),(695,'HDL','22000.0000','28000.0000','22000.0000',6,14,64,'SINGLE','NUMERIC',NULL,'2016-04-13 14:27:21','',2),(696,'HMT','0.0000','0.0000','0.0000',8,2,65,'SINGLE','',NULL,'2016-04-13 14:17:34','',2),(698,'AST/SGOT','25000.0000','28000.0000','25000.0000',6,10,67,'SINGLE','NUMERIC',NULL,'2016-06-16 12:21:53','',2),(699,'WIDAL','28000.0000','0.0000','28000.0000',2,0,0,'SINGLE','',NULL,'2017-01-19 16:18:09',NULL,2),(700,'UREUM','25000.0000','0.0000','25000.0000',6,0,0,'SINGLE','',NULL,'2017-01-20 11:15:19',NULL,2),(701,'TUBEX TF','150000.0000','0.0000','150000.0000',2,NULL,NULL,'SINGLE','TEXT',NULL,'2017-03-02 10:31:07',NULL,2),(702,'Urin Rutin','22000.0000','0.0000','22000.0000',7,17,0,'SINGLE','',NULL,'2017-11-27 13:44:41',NULL,2);

/*Table structure for table `lab_itemprofile` */

DROP TABLE IF EXISTS `lab_itemprofile`;

CREATE TABLE `lab_itemprofile` (
  `iditemprofile` int(11) NOT NULL,
  `iditemsingle` int(11) NOT NULL,
  `squence` int(11) DEFAULT NULL,
  PRIMARY KEY (`iditemprofile`,`iditemsingle`) USING BTREE
) ENGINE=InnoDB DEFAULT CHARSET=utf8 AVG_ROW_LENGTH=128;

/*Data for the table `lab_itemprofile` */

insert  into `lab_itemprofile`(`iditemprofile`,`iditemsingle`,`squence`) values (2,285,10),(18,12,0),(44,119,40),(44,277,50),(44,480,20),(44,494,0),(44,512,30),(44,578,60),(44,614,70),(183,254,1),(183,255,2),(183,283,3),(183,285,4),(183,388,5),(183,400,6),(183,654,7),(192,189,1),(192,190,2),(193,120,0),(193,200,0),(193,435,0),(193,581,0),(193,598,0),(199,340,0),(199,362,0),(199,449,0),(266,285,0),(266,388,0),(268,283,2),(268,285,1),(268,388,3),(268,654,4),(269,285,0),(284,86,0),(284,120,0),(284,200,0),(284,201,0),(284,254,0),(284,255,0),(284,283,0),(284,285,0),(284,381,0),(284,382,0),(284,388,0),(284,400,0),(284,414,0),(284,415,0),(284,416,0),(284,420,0),(284,421,0),(284,423,0),(284,429,0),(284,430,0),(284,435,0),(284,440,0),(284,452,0),(284,486,0),(284,487,0),(284,546,0),(284,547,0),(284,642,0),(284,643,0),(284,645,0),(284,647,0),(284,649,0),(284,654,0),(292,120,10),(292,200,20),(292,400,50),(292,435,60),(292,581,40),(292,598,30),(357,12,0),(357,27,0),(357,29,0),(357,92,0),(357,110,0),(357,234,0),(357,239,0),(357,240,0),(357,241,0),(357,366,0),(357,367,0),(357,369,0),(357,373,0),(357,401,0),(357,536,0),(357,653,0),(357,661,0),(448,41,1),(448,123,4),(448,436,3),(448,448,0),(448,625,2),(474,27,0),(474,110,0),(474,241,0),(474,373,0),(474,661,0),(525,366,3),(525,367,4),(525,369,1),(525,653,2),(633,33,1),(633,182,2),(633,203,3),(633,371,4),(633,390,5),(633,393,6),(633,394,7),(633,446,8),(633,618,9);

/*Table structure for table `lab_nilainormal` */

DROP TABLE IF EXISTS `lab_nilainormal`;

CREATE TABLE `lab_nilainormal` (
  `iditemlab` int(11) NOT NULL,
  `jnskelamin` enum('Laki-laki','Perempuan') CHARACTER SET latin1 NOT NULL,
  `umurmin` int(11) NOT NULL,
  `umurmax` int(11) NOT NULL,
  `umurkode` enum('JAM','HARI','BULAN','TAHUN') NOT NULL,
  `nilaimin_numeric` decimal(19,4) DEFAULT NULL,
  `nilaimax_numeric` decimal(19,4) DEFAULT NULL,
  `idnilai_text` int(11) DEFAULT NULL,
  `nilai_memo` text,
  `keterangan` text CHARACTER SET latin1,
  PRIMARY KEY (`iditemlab`,`jnskelamin`,`umurmin`,`umurmax`,`umurkode`) USING BTREE
) ENGINE=InnoDB DEFAULT CHARSET=utf8 AVG_ROW_LENGTH=102;

/*Data for the table `lab_nilainormal` */

insert  into `lab_nilainormal`(`iditemlab`,`jnskelamin`,`umurmin`,`umurmax`,`umurkode`,`nilaimin_numeric`,`nilaimax_numeric`,`idnilai_text`,`nilai_memo`,`keterangan`) values (2,'Laki-laki',0,999,'TAHUN','10.0000','20.0000',NULL,NULL,'10 ~ 20'),(2,'Perempuan',0,999,'TAHUN','5.0000','15.0000',NULL,NULL,'5 ~ 15'),(4,'Laki-laki',0,999,'TAHUN','10.0000','50.0000',NULL,NULL,'10-50'),(4,'Perempuan',0,999,'TAHUN','10.0000','50.0000',NULL,NULL,'10-50'),(5,'Laki-laki',0,999,'TAHUN','0.0000','999.0000',86,NULL,'negatif'),(5,'Perempuan',0,999,'TAHUN','0.0000','999.0000',86,NULL,'negatif'),(6,'Laki-laki',0,999,'TAHUN','0.0000','999.0000',86,NULL,'negatif'),(6,'Perempuan',0,999,'TAHUN','0.0000','999.0000',86,NULL,'negatif'),(7,'Laki-laki',0,999,'TAHUN','0.0000','999.0000',86,NULL,'Negatif'),(7,'Perempuan',0,999,'TAHUN','0.0000','999.0000',86,NULL,'Negatif'),(8,'Laki-laki',0,999,'TAHUN','0.0000','999.0000',86,NULL,'Negatif'),(8,'Perempuan',0,999,'TAHUN','0.0000','999.0000',86,NULL,'Negatif'),(9,'Laki-laki',0,999,'TAHUN','40.0000','80.0000',NULL,NULL,'40 ~ 80'),(9,'Perempuan',0,999,'TAHUN','40.0000','80.0000',NULL,NULL,'40 ~ 80'),(10,'Laki-laki',0,999,'TAHUN','20.0000','40.0000',NULL,NULL,'20 ~ 40'),(10,'Perempuan',0,999,'TAHUN','20.0000','40.0000',NULL,NULL,'20 ~ 40'),(11,'Laki-laki',0,999,'TAHUN','40.0000','70.0000',NULL,NULL,'40 ~ 70'),(11,'Perempuan',0,999,'TAHUN','40.0000','70.0000',NULL,NULL,'40 ~ 70'),(12,'Laki-laki',0,999,'TAHUN','3.7000','5.2000',0,'','3.7 ~ 5.2'),(12,'Perempuan',0,999,'TAHUN','3.7000','5.2000',0,'','3.7 ~ 5.2'),(15,'Laki-laki',0,999,'TAHUN','60.0000','71.0000',NULL,NULL,'60.0 ~ 71.0'),(15,'Perempuan',0,999,'TAHUN','60.0000','71.0000',NULL,NULL,'60.0 ~ 71.0'),(17,'Laki-laki',0,999,'TAHUN','0.0000','0.0000',86,NULL,'negatif'),(17,'Perempuan',0,999,'TAHUN','0.0000','0.0000',86,NULL,'negatif'),(20,'Laki-laki',0,999,'TAHUN','0.0000','15.0000',NULL,NULL,'0 ~ 15'),(20,'Perempuan',0,999,'TAHUN','0.0000','15.0000',NULL,NULL,'0 ~ 15'),(21,'Laki-laki',0,999,'TAHUN','0.0000','182.0000',NULL,NULL,'<182'),(21,'Perempuan',0,999,'TAHUN','0.0000','182.0000',NULL,NULL,'<182'),(23,'Laki-laki',0,999,'TAHUN','1.4000','2.7000',NULL,NULL,'1.4 ~ 2.7'),(23,'Perempuan',0,999,'TAHUN','1.4000','2.7000',NULL,NULL,'1.4 ~ 2.7'),(24,'Laki-laki',0,999,'TAHUN','7.0000','11.0000',NULL,NULL,'7.0 ~ 11.0'),(24,'Perempuan',0,999,'TAHUN','7.0000','11.0000',NULL,NULL,'7.0 ~ 11.0'),(25,'Laki-laki',0,999,'TAHUN','40.0000','190.0000',NULL,NULL,'40 ~ 190'),(25,'Perempuan',0,999,'TAHUN','40.0000','190.0000',NULL,NULL,'40 ~ 190'),(26,'Laki-laki',0,999,'TAHUN','0.2400','1.7500',NULL,NULL,'0.24 ~ 1.75'),(26,'Perempuan',0,999,'TAHUN','0.2400','1.7500',NULL,NULL,'0.24 ~ 1.75'),(27,'Laki-laki',0,999,'TAHUN','9.0000','43.0000',0,'','9 ~ 43'),(27,'Perempuan',0,999,'TAHUN','9.0000','36.0000',0,'','9 ~ 36'),(29,'Laki-laki',0,999,'TAHUN','0.0000','150.0000',NULL,NULL,'< 150'),(29,'Perempuan',0,999,'TAHUN','0.0000','150.0000',NULL,NULL,'< 150'),(32,'Laki-laki',0,999,'TAHUN','0.0000','5000.0000',NULL,NULL,'<5000'),(32,'Perempuan',0,999,'TAHUN','0.0000','5000.0000',NULL,NULL,'<5000'),(33,'Laki-laki',0,999,'TAHUN','0.0000','999.0000',86,NULL,'Negatif'),(33,'Perempuan',0,999,'TAHUN','0.0000','999.0000',86,NULL,'Negatif'),(34,'Laki-laki',0,999,'TAHUN','10.0000','20.0000',NULL,NULL,'10-20'),(34,'Perempuan',0,999,'TAHUN','10.0000','20.0000',NULL,NULL,'10-20'),(35,'Laki-laki',0,999,'TAHUN','10.0000','20.0000',NULL,NULL,'10 ~ 20'),(35,'Perempuan',0,999,'TAHUN','10.0000','20.0000',NULL,NULL,'10 ~ 20'),(38,'Laki-laki',0,999,'TAHUN','0.0000','999.0000',86,NULL,'Negatif'),(38,'Perempuan',0,999,'TAHUN','0.0000','999.0000',86,NULL,'Negatif'),(39,'Laki-laki',0,999,'TAHUN','0.0000','999.0000',86,NULL,'Negatif'),(39,'Perempuan',0,999,'TAHUN','0.0000','999.0000',86,NULL,'Negatif'),(40,'Laki-laki',0,999,'TAHUN','0.2000','0.8000',NULL,NULL,'0.20 ~ 0.80'),(40,'Perempuan',0,999,'TAHUN','0.2000','0.8000',NULL,NULL,'0.20 ~ 0.80'),(41,'Laki-laki',0,999,'TAHUN','0.0000','999.0000',86,NULL,'Negatif'),(41,'Perempuan',0,999,'TAHUN','0.0000','999.0000',86,NULL,'Negatif'),(42,'Laki-laki',0,999,'TAHUN','0.0000','999.0000',86,NULL,'Negatif'),(42,'Perempuan',0,999,'TAHUN','0.0000','999.0000',86,NULL,'Negatif'),(43,'Laki-laki',0,999,'TAHUN','0.0000','999.0000',NULL,'< 0.9   : No Detectable Antibody\r\n          to ANA IgG by ELISA\r\n0.9-1.1 : Borderline Positif,\r\n          follow up testing is\r\n          recommend if clinically\r\n          indicated\r\n> 1.1   : Indicative of Autoimmune\r\n          disorder,xzkz','MRR'),(43,'Perempuan',0,999,'TAHUN','0.0000','999.0000',NULL,'< 0.9   : No Detectable Antibody\r\n          to ANA IgG by ELISA\r\n0.9-1.1 : Borderline Positif,\r\n          follow up testing is\r\n          recommend if clinically\r\n          indicated\r\n> 1.1   : Indicative of Autoimmune\r\n          disorder,xzkz','MRR'),(45,'Laki-laki',0,999,'TAHUN','0.0000','999.0000',86,NULL,'Negatif'),(45,'Perempuan',0,999,'TAHUN','0.0000','999.0000',86,NULL,'Negatif'),(48,'Laki-laki',0,999,'TAHUN','0.0000','999.0000',NULL,NULL,'Neg, Index <1'),(48,'Perempuan',0,999,'TAHUN','0.0000','999.0000',NULL,NULL,'Neg, Index <1'),(49,'Laki-laki',0,999,'TAHUN','0.0000','999.0000',86,NULL,'Negatif'),(49,'Perempuan',0,999,'TAHUN','0.0000','999.0000',86,NULL,'Negatif'),(50,'Laki-laki',0,999,'TAHUN','0.0000','0.5000',NULL,NULL,'< 0.5'),(50,'Perempuan',0,999,'TAHUN','0.0000','0.5000',NULL,NULL,'< 0.5'),(51,'Laki-laki',0,999,'TAHUN','0.0000','999.0000',NULL,'< 0.70 negatif\r\n0.70-0.90 greyzone\r\n>0.90 positif','MRR'),(51,'Perempuan',0,999,'TAHUN','0.0000','999.0000',NULL,'< 0.70 negatif\r\n0.70-0.90 greyzone\r\n>0.90 positif','MRR'),(53,'Laki-laki',0,999,'TAHUN','0.0000','10.9900',NULL,NULL,'< 11'),(53,'Perempuan',0,999,'TAHUN','0.0000','10.9900',NULL,NULL,'< 11'),(54,'Laki-laki',0,999,'TAHUN','0.0000','999.0000',NULL,'0-200 Negatif\r\n200-300 Equivocal\r\n>300  Positif','MRR'),(54,'Perempuan',0,999,'TAHUN','0.0000','999.0000',NULL,'0-200 Negatif\r\n200-300 Equivocal\r\n>300  Positif','MRR'),(56,'Laki-laki',0,999,'TAHUN','0.0000','999.0000',NULL,'>20 Positif\r\n<20 Negatif','MRR'),(56,'Perempuan',0,999,'TAHUN','0.0000','999.0000',NULL,'>20 Positif\r\n<20 Negatif','MRR'),(57,'Laki-laki',0,999,'TAHUN','0.0000','999.0000',86,NULL,'Negatif'),(57,'Perempuan',0,999,'TAHUN','0.0000','999.0000',86,NULL,'Negatif'),(58,'Laki-laki',0,999,'TAHUN','0.0000','999.0000',86,NULL,'Negatif'),(58,'Perempuan',0,999,'TAHUN','0.0000','999.0000',86,NULL,'Negatif'),(59,'Laki-laki',0,999,'TAHUN','0.0000','999.0000',NULL,'< 1.0 Positif\r\n>1.0  negatif','MRR'),(59,'Perempuan',0,999,'TAHUN','0.0000','999.0000',NULL,'< 1.0 Positif\r\n>1.0  negatif','MRR'),(61,'Laki-laki',0,999,'TAHUN','0.0000','999.0000',86,NULL,'Negatif'),(61,'Perempuan',0,999,'TAHUN','0.0000','999.0000',86,NULL,'Negatif'),(62,'Laki-laki',0,999,'TAHUN','0.0000','999.0000',88,NULL,'Non reaktif'),(62,'Perempuan',0,999,'TAHUN','0.0000','999.0000',88,NULL,'Non reaktif'),(63,'Laki-laki',0,999,'TAHUN','0.0000','999.0000',86,NULL,'Negatif'),(63,'Perempuan',0,999,'TAHUN','0.0000','999.0000',86,NULL,'Negatif'),(64,'Laki-laki',0,999,'TAHUN','0.0000','8.9900',NULL,NULL,'Neg, < 9'),(64,'Perempuan',0,999,'TAHUN','0.0000','8.9900',NULL,NULL,'Neg, < 9'),(65,'Laki-laki',0,999,'TAHUN','0.0000','8.9900',NULL,NULL,'Neg, < 9'),(65,'Perempuan',0,999,'TAHUN','0.0000','8.9900',NULL,NULL,'Neg, < 9'),(66,'Laki-laki',0,999,'TAHUN','0.0000','8.9900',NULL,NULL,'Neg, < 9'),(66,'Perempuan',0,999,'TAHUN','0.0000','8.9900',NULL,NULL,'Neg, < 9'),(67,'Laki-laki',0,999,'TAHUN','0.0000','8.9900',NULL,'< 0.90 NEGATIF\r\n> 1.10 POSITIF','Neg, < 9.0'),(67,'Perempuan',0,999,'TAHUN','0.0000','8.9900',NULL,'< 0.90 NEGATIF\r\n> 1.10 POSITIF','Neg, < 9.0'),(68,'Laki-laki',0,999,'TAHUN','0.0000','10.0000',NULL,NULL,'< 10'),(68,'Perempuan',0,999,'TAHUN','0.0000','10.0000',NULL,NULL,'< 10'),(69,'Laki-laki',0,999,'TAHUN','0.0000','999.0000',86,NULL,'Negatif'),(69,'Perempuan',0,999,'TAHUN','0.0000','999.0000',86,NULL,'Negatif'),(71,'Laki-laki',0,999,'TAHUN','85.0000','111.0000',NULL,NULL,'85 ~ 111'),(71,'Perempuan',0,999,'TAHUN','85.0000','111.0000',NULL,NULL,'85 ~ 111'),(72,'Laki-laki',0,999,'TAHUN','0.2000','0.3000',NULL,NULL,'0.2 ~ 0.3'),(72,'Perempuan',0,999,'TAHUN','0.2000','0.3000',NULL,NULL,'0.2 ~ 0.3'),(74,'Laki-laki',0,999,'TAHUN','0.0000','6.0000',NULL,NULL,'< 6'),(74,'Perempuan',0,999,'TAHUN','0.0000','6.0000',NULL,NULL,'< 6'),(75,'Laki-laki',0,999,'TAHUN','0.0000','999.0000',86,NULL,'Negatif'),(75,'Perempuan',0,999,'TAHUN','0.0000','999.0000',86,NULL,'Negatif'),(76,'Laki-laki',0,999,'TAHUN','80.0000','120.0000',NULL,NULL,'80 ~ 120'),(76,'Perempuan',0,999,'TAHUN','80.0000','120.0000',NULL,NULL,'80 ~ 120'),(78,'Laki-laki',0,999,'TAHUN','0.0000','999.0000',NULL,'<0.9    : No detectable antibody to\r\n          DS DNA.\r\n0.9~1.1 : Borderline positive, follow\r\n          up testing is recomend if\r\n          clinically indicated.\r\n>1.1    : Indicative off autoimune\r\n          diseases.','MRR'),(78,'Perempuan',0,999,'TAHUN','0.0000','999.0000',NULL,'<0.9    : No detectable antibody to\r\n          DS DNA.\r\n0.9~1.1 : Borderline positive, follow\r\n          up testing is recomend if\r\n          clinically indicated.\r\n>1.1    : Indicative off autoimune\r\n          diseases.','MRR'),(81,'Laki-laki',0,999,'TAHUN','0.0000','999.0000',NULL,NULL,'Index <1'),(81,'Perempuan',0,999,'TAHUN','0.0000','999.0000',NULL,NULL,'Index <1'),(82,'Laki-laki',0,999,'TAHUN','0.0000','999.0000',NULL,'< 1.0 Positif\r\n>1.0  Negatif','MRR'),(82,'Perempuan',0,999,'TAHUN','0.0000','999.0000',NULL,'< 1.0 Positif\r\n>1.0  Negatif','MRR'),(83,'Laki-laki',0,999,'TAHUN','0.0000','999.0000',NULL,'<  10 negatif\r\n>= 10 positif','MRR'),(83,'Perempuan',0,999,'TAHUN','0.0000','999.0000',NULL,'<  10 negatif\r\n>= 10 positif','MRR'),(84,'Laki-laki',0,999,'TAHUN','0.0000','999.0000',86,NULL,'Negatif'),(84,'Perempuan',0,999,'TAHUN','0.0000','999.0000',86,NULL,'Negatif'),(85,'Laki-laki',0,999,'TAHUN','66.0000','133.0000',NULL,NULL,'66 ~ 133'),(85,'Perempuan',0,999,'TAHUN','66.0000','133.0000',NULL,NULL,'66 ~ 133'),(86,'Laki-laki',0,999,'TAHUN','16.4000','36.4000',NULL,NULL,'16.4 ~ 36.4'),(86,'Perempuan',0,999,'TAHUN','16.4000','36.4000',NULL,NULL,'16.4 ~ 36.4'),(91,'Laki-laki',0,999,'TAHUN','0.5000','2.0000',NULL,NULL,'0.5 ~ 2.0'),(91,'Perempuan',0,999,'TAHUN','0.5000','2.0000',NULL,NULL,'0.5 ~ 2.0'),(92,'Laki-laki',0,999,'TAHUN','0.0000','7.0000',0,'','0 ~ 7'),(92,'Perempuan',0,99,'TAHUN','0.0000','6.0000',0,'','0 ~ 6'),(92,'Perempuan',91,999,'TAHUN','0.0000','7.0000',0,'','0 ~ 7'),(93,'Laki-laki',0,999,'TAHUN','600.0000','1800.0000',NULL,NULL,'600 ~ 1800'),(93,'Perempuan',0,999,'TAHUN','600.0000','1800.0000',NULL,NULL,'600 ~ 1800'),(94,'Laki-laki',0,999,'TAHUN','250.0000','750.0000',NULL,NULL,'250 ~ 750'),(94,'Perempuan',0,999,'TAHUN','250.0000','750.0000',NULL,NULL,'250 ~ 750'),(95,'Laki-laki',0,999,'TAHUN','0.0000','0.0000',86,NULL,'Negatif'),(95,'Perempuan',0,999,'TAHUN','0.0000','0.0000',86,NULL,'Negatif'),(96,'Laki-laki',0,999,'TAHUN','0.0000','999.0000',86,NULL,'negatif'),(96,'Perempuan',0,999,'TAHUN','0.0000','999.0000',86,NULL,'negatif'),(97,'Laki-laki',0,999,'TAHUN','0.0000','999.0000',86,NULL,'negatif'),(97,'Perempuan',0,999,'TAHUN','0.0000','999.0000',86,NULL,'negatif'),(98,'Laki-laki',0,999,'TAHUN','0.0000','999.0000',86,NULL,'negatif'),(98,'Perempuan',0,999,'TAHUN','0.0000','999.0000',86,NULL,'negatif'),(99,'Laki-laki',0,999,'TAHUN','0.0000','999.0000',86,NULL,'negatif'),(99,'Perempuan',0,999,'TAHUN','0.0000','999.0000',86,NULL,'negatif'),(100,'Laki-laki',0,999,'TAHUN','0.0000','999.0000',86,NULL,'negatif'),(100,'Perempuan',0,999,'TAHUN','0.0000','999.0000',86,NULL,'negatif'),(101,'Laki-laki',0,999,'TAHUN','0.0000','999.0000',86,NULL,'negatif'),(101,'Perempuan',0,999,'TAHUN','0.0000','999.0000',86,NULL,'negatif'),(102,'Laki-laki',0,999,'TAHUN','0.0000','999.0000',86,NULL,'negatif'),(102,'Perempuan',0,999,'TAHUN','0.0000','999.0000',86,NULL,'negatif'),(103,'Laki-laki',0,999,'TAHUN','0.0000','999.0000',86,NULL,'negatif'),(103,'Perempuan',0,999,'TAHUN','0.0000','999.0000',86,NULL,'negatif'),(104,'Laki-laki',0,999,'TAHUN','0.0000','999.0000',86,NULL,'negatif'),(104,'Perempuan',0,999,'TAHUN','0.0000','999.0000',86,NULL,'negatif'),(105,'Laki-laki',0,999,'TAHUN','0.0000','999.0000',86,NULL,'negatif'),(105,'Perempuan',0,999,'TAHUN','0.0000','999.0000',86,NULL,'negatif'),(106,'Laki-laki',0,999,'TAHUN','0.0000','999.0000',86,NULL,'negatif'),(106,'Perempuan',0,999,'TAHUN','0.0000','999.0000',86,NULL,'negatif'),(107,'Laki-laki',0,999,'TAHUN','0.0000','999.0000',86,NULL,'negatif'),(107,'Perempuan',0,999,'TAHUN','0.0000','999.0000',86,NULL,'negatif'),(108,'Laki-laki',0,999,'TAHUN','0.0000','999.0000',86,NULL,'Negatif'),(108,'Perempuan',0,999,'TAHUN','0.0000','999.0000',86,NULL,'Negatif'),(109,'Laki-laki',0,999,'TAHUN','0.0000','999.0000',NULL,NULL,'< 200'),(109,'Perempuan',0,999,'TAHUN','0.0000','999.0000',NULL,NULL,'< 200'),(111,'Laki-laki',0,999,'TAHUN','0.0000','999.0000',86,NULL,'Negatif'),(111,'Perempuan',0,999,'TAHUN','0.0000','999.0000',86,NULL,'Negatif'),(115,'Laki-laki',0,999,'TAHUN','0.0000','999.0000',67,NULL,'Khas'),(115,'Perempuan',0,999,'TAHUN','0.0000','999.0000',67,NULL,'Khas'),(116,'Laki-laki',0,999,'TAHUN','0.0000','1.9000',NULL,NULL,'0-1.9'),(116,'Perempuan',0,999,'TAHUN','0.0000','1.9000',NULL,NULL,'0-1.9'),(118,'Laki-laki',0,999,'TAHUN','0.0000','999.0000',86,NULL,'Negatif'),(118,'Perempuan',0,999,'TAHUN','0.0000','999.0000',86,NULL,'Negatif'),(119,'Laki-laki',0,1,'BULAN','-10.0000','-2.0000',NULL,NULL,'(-10) ~ (-2)'),(119,'Laki-laki',0,1,'TAHUN','-7.0000','-1.0000',NULL,NULL,'(-7) ~ (-1)'),(119,'Laki-laki',2,999,'TAHUN','-2.0000','3.0000',NULL,NULL,'(-2) ~ (+3)'),(119,'Perempuan',0,1,'BULAN','-10.0000','-2.0000',NULL,NULL,'(-10) ~ (-2)'),(119,'Perempuan',0,1,'TAHUN','-7.0000','-1.0000',NULL,NULL,'(-7) ~ (-1)'),(119,'Perempuan',2,999,'TAHUN','-2.0000','3.0000',NULL,NULL,'(-2) ~ (+3)'),(120,'Laki-laki',0,999,'TAHUN','0.0000','1.0000',NULL,NULL,'0 ~ 1'),(120,'Perempuan',0,999,'TAHUN','0.0000','1.0000',NULL,NULL,'0 ~ 1'),(121,'Laki-laki',0,999,'TAHUN','0.0000','0.1000',NULL,NULL,'< 0.1'),(121,'Perempuan',0,999,'TAHUN','0.0000','0.1000',NULL,NULL,'< 0.1'),(123,'Laki-laki',0,999,'TAHUN','0.0000','999.0000',86,NULL,'Negatif'),(123,'Perempuan',0,999,'TAHUN','0.0000','999.0000',86,NULL,'Negatif'),(125,'Laki-laki',0,999,'TAHUN','1.0020','1.0300',NULL,NULL,'1.002 ~ 1.030'),(125,'Perempuan',0,999,'TAHUN','1.0020','1.0300',NULL,NULL,'1.002 ~ 1.030'),(126,'Laki-laki',0,999,'TAHUN','97.0000','137.0000',NULL,NULL,'97 ~ 137'),(126,'Perempuan',0,999,'TAHUN','97.0000','137.0000',NULL,NULL,'97 ~ 137'),(127,'Laki-laki',0,999,'TAHUN','70.0000','110.0000',NULL,NULL,'70 ~ 110'),(127,'Perempuan',0,999,'TAHUN','70.0000','110.0000',NULL,NULL,'70 ~ 110'),(128,'Laki-laki',0,999,'TAHUN','70.0000','110.0000',NULL,NULL,'70 ~ 110'),(128,'Perempuan',0,999,'TAHUN','70.0000','110.0000',NULL,NULL,'70 ~ 110'),(130,'Laki-laki',0,999,'TAHUN','6.0000','9.0000',NULL,NULL,'6.0 ~ 9.0'),(130,'Perempuan',0,999,'TAHUN','6.0000','9.0000',NULL,NULL,'6.0 ~ 9.0'),(131,'Laki-laki',0,999,'TAHUN','2.0000','5.0000',NULL,NULL,'2.0 ~ 5.0'),(131,'Perempuan',0,999,'TAHUN','2.0000','5.0000',NULL,NULL,'2.0 ~ 5.0'),(132,'Laki-laki',0,50,'TAHUN','0.0160','0.5800',NULL,NULL,'0.016 ~ 0.580'),(132,'Laki-laki',51,70,'TAHUN','0.1040','0.7000',NULL,NULL,'0.104 ~ 0.700'),(132,'Laki-laki',71,999,'TAHUN','0.1040','0.8500',NULL,NULL,'0.105 ~ 0.850'),(132,'Perempuan',0,70,'TAHUN','0.0250','0.5700',NULL,NULL,'0.025 ~ 0.570'),(132,'Perempuan',71,999,'TAHUN','0.1040','1.0000',NULL,NULL,'0.104 ~ 1.000'),(138,'Laki-laki',0,999,'TAHUN','0.1000','0.2500',NULL,NULL,'0 ~ 0.25'),(138,'Perempuan',0,999,'TAHUN','0.1000','0.2500',NULL,NULL,'0 ~ 0.25'),(139,'Laki-laki',0,999,'TAHUN','0.1000','1.7500',NULL,NULL,'0.1 ~ 1.75'),(139,'Perempuan',0,999,'TAHUN','0.1000','1.7500',NULL,NULL,'0.1 ~ 1.75'),(140,'Laki-laki',0,5,'TAHUN','0.0000','12.0000',NULL,NULL,'< 12'),(140,'Laki-laki',6,999,'TAHUN','0.5000','1.0000',NULL,NULL,'0.5 ~ 1.0'),(140,'Perempuan',0,5,'TAHUN','0.0000','12.0000',NULL,NULL,'< 12'),(140,'Perempuan',6,999,'TAHUN','0.5000','1.0000',NULL,NULL,'0.5 ~ 1.0'),(141,'Laki-laki',0,999,'TAHUN','0.0000','999.0000',86,NULL,'Negatif'),(141,'Perempuan',0,999,'TAHUN','0.0000','999.0000',86,NULL,'Negatif'),(142,'Laki-laki',0,999,'TAHUN','1.0230','1.0300',NULL,NULL,'1.023 ~ 1.03'),(142,'Perempuan',0,999,'TAHUN','1.0230','1.0300',NULL,NULL,'1.023 ~ 1.03'),(145,'Laki-laki',0,999,'TAHUN','0.8000','4.0000',NULL,NULL,'0.8-4.0'),(145,'Perempuan',0,999,'TAHUN','0.8000','4.0000',NULL,NULL,'0.8-4.0'),(146,'Laki-laki',0,999,'TAHUN','90.0000','180.0000',NULL,NULL,'90 ~ 180'),(146,'Perempuan',0,999,'TAHUN','90.0000','180.0000',NULL,NULL,'90 ~ 180'),(147,'Laki-laki',0,999,'TAHUN','10.0000','40.0000',NULL,NULL,'10 ~ 40'),(147,'Perempuan',0,999,'TAHUN','10.0000','40.0000',NULL,NULL,'10 ~ 40'),(148,'Laki-laki',0,999,'TAHUN','0.0000','34.9900',NULL,NULL,'< 35'),(148,'Perempuan',0,999,'TAHUN','0.0000','34.9900',NULL,NULL,'< 35'),(149,'Laki-laki',0,999,'TAHUN','0.0000','25.0000',NULL,NULL,'<=25'),(149,'Perempuan',0,999,'TAHUN','0.0000','25.0000',NULL,NULL,'<=25'),(150,'Laki-laki',0,999,'TAHUN','0.0000','26.9900',NULL,NULL,'< 27'),(150,'Perempuan',0,999,'TAHUN','0.0000','26.9900',NULL,NULL,'< 27'),(151,'Laki-laki',0,999,'TAHUN','0.0000','9.7990',NULL,NULL,'< 9.8'),(151,'Perempuan',0,999,'TAHUN','0.0000','9.7990',NULL,NULL,'< 9.8'),(153,'Laki-laki',0,999,'TAHUN','0.0000','999.0000',86,NULL,'Negatif'),(153,'Perempuan',0,999,'TAHUN','0.0000','999.0000',86,NULL,'Negatif'),(155,'Laki-laki',0,999,'TAHUN','4.0000','10.0000',NULL,NULL,'4.0-10.00'),(155,'Perempuan',0,999,'TAHUN','4.0000','10.0000',NULL,NULL,'4.0-10.00'),(156,'Laki-laki',0,999,'TAHUN','0.0000','999.0000',NULL,NULL,'410 - 1590'),(156,'Perempuan',0,999,'TAHUN','0.0000','999.0000',NULL,NULL,'410 - 1590'),(158,'Laki-laki',0,999,'TAHUN','0.0000','999.0000',NULL,NULL,'190 - 1140'),(158,'Perempuan',0,999,'TAHUN','0.0000','999.0000',NULL,NULL,'190 - 1140'),(159,'Laki-laki',0,999,'TAHUN','0.0000','3.4000',NULL,NULL,'< 3.4'),(159,'Perempuan',0,999,'TAHUN','0.0000','3.4000',NULL,NULL,'< 3.4'),(160,'Laki-laki',0,999,'TAHUN','0.0000','6.1000',NULL,NULL,'<6.1'),(160,'Perempuan',0,999,'TAHUN','0.0000','6.1000',NULL,NULL,'<6.1'),(162,'Laki-laki',0,999,'TAHUN','0.0000','25.0000',NULL,NULL,'< 25'),(162,'Perempuan',0,999,'TAHUN','0.0000','25.0000',NULL,NULL,'< 25'),(163,'Laki-laki',0,999,'TAHUN','0.0000','190.0000',NULL,NULL,'< 190'),(163,'Perempuan',0,999,'TAHUN','0.0000','165.0000',NULL,NULL,'< 165'),(165,'Laki-laki',0,999,'TAHUN','0.0000','999.0000',86,NULL,'Negatif'),(165,'Perempuan',0,999,'TAHUN','0.0000','999.0000',86,NULL,'Negatif'),(166,'Laki-laki',0,999,'TAHUN','0.0000','999.0000',86,NULL,'Negatif'),(166,'Perempuan',0,999,'TAHUN','0.0000','999.0000',86,NULL,'Negatif'),(168,'Laki-laki',0,999,'TAHUN','0.0000','999.0000',86,NULL,'Negatif'),(168,'Perempuan',0,999,'TAHUN','0.0000','999.0000',86,NULL,'Negatif'),(169,'Laki-laki',0,999,'TAHUN','5.0000','25.0000',NULL,NULL,'5 ~ 25 (pagi)'),(169,'Perempuan',0,999,'TAHUN','5.0000','25.0000',NULL,NULL,'5 ~ 25 (pagi)'),(171,'Laki-laki',0,999,'TAHUN','0.0000','190.0000',NULL,NULL,'< 190'),(171,'Perempuan',0,999,'TAHUN','0.0000','167.0000',NULL,NULL,'< 167'),(173,'Laki-laki',0,999,'TAHUN','0.0000','999.0000',86,NULL,'Negatif'),(173,'Perempuan',0,999,'TAHUN','0.0000','999.0000',86,NULL,'Negatif'),(174,'Laki-laki',0,999,'TAHUN','0.0000','999.0000',86,NULL,'Negatif'),(174,'Perempuan',0,999,'TAHUN','0.0000','999.0000',86,NULL,'Negatif'),(178,'Laki-laki',0,999,'TAHUN','0.0000','3.3000',NULL,NULL,'<3.3'),(178,'Perempuan',0,999,'TAHUN','0.0000','3.3000',NULL,NULL,'<3.3'),(181,'Laki-laki',0,999,'TAHUN','0.0000','0.3000',NULL,NULL,'< 0.3'),(181,'Perempuan',0,999,'TAHUN','0.0000','0.3000',NULL,NULL,'< 0.3'),(182,'Laki-laki',0,999,'TAHUN','0.0000','0.0000',86,NULL,'Negatif'),(182,'Perempuan',0,999,'TAHUN','0.0000','0.0000',86,NULL,'Negatif'),(184,'Laki-laki',0,999,'TAHUN','0.0000','999.0000',86,NULL,'Negatif'),(184,'Perempuan',0,999,'TAHUN','0.0000','999.0000',86,NULL,'Negatif'),(185,'Laki-laki',0,999,'TAHUN','0.0000','0.0000',86,NULL,'Negatif'),(185,'Perempuan',0,999,'TAHUN','0.0000','0.0000',86,NULL,'Negatif'),(186,'Laki-laki',0,999,'TAHUN','0.0000','999.0000',86,NULL,'Negatif'),(186,'Perempuan',0,999,'TAHUN','0.0000','999.0000',86,NULL,'Negatif'),(187,'Laki-laki',0,999,'TAHUN','0.0000','999.0000',200,NULL,'Tidak Banyak'),(187,'Perempuan',0,999,'TAHUN','0.0000','999.0000',200,NULL,'Tidak Banyak'),(189,'Laki-laki',0,999,'TAHUN','0.0000','999.0000',86,NULL,'Negatif'),(189,'Perempuan',0,999,'TAHUN','0.0000','999.0000',86,NULL,'Negatif'),(190,'Laki-laki',0,999,'TAHUN','0.0000','999.0000',86,NULL,'Negatif'),(190,'Perempuan',0,999,'TAHUN','0.0000','999.0000',86,NULL,'Negatif'),(191,'Laki-laki',0,999,'TAHUN','0.0000','999.0000',86,NULL,'Negatif'),(191,'Perempuan',0,999,'TAHUN','0.0000','999.0000',86,NULL,'Negatif'),(194,'Laki-laki',0,999,'TAHUN','0.8000','2.0000',NULL,NULL,'0.8 - 2.0'),(194,'Perempuan',0,999,'TAHUN','0.8000','2.0000',NULL,NULL,'0.8 - 2.0'),(195,'Laki-laki',0,999,'TAHUN','10.0000','20.0000',NULL,NULL,'10 - 20'),(195,'Perempuan',0,999,'TAHUN','10.0000','20.0000',NULL,NULL,'10 - 20'),(200,'Laki-laki',0,999,'TAHUN','1.0000','3.0000',NULL,NULL,'1 ~ 3'),(200,'Perempuan',0,999,'TAHUN','1.0000','3.0000',NULL,NULL,'1 ~ 3'),(201,'Laki-laki',0,1,'BULAN','4.0000','16.0000',0,'','4.32 ~ 16.4'),(201,'Laki-laki',0,1,'TAHUN','3.0000','5.0000',0,'','3.87 ~ 5.39'),(201,'Laki-laki',0,14,'HARI','4.0000','6.0000',0,'','4.76 ~ 6.95'),(201,'Laki-laki',1,2,'TAHUN','3.0000','5.0000',0,'','3.96 ~ 5.32'),(201,'Laki-laki',2,3,'BULAN','4.0000','6.0000',0,'','4.08 ~ 6.05'),(201,'Laki-laki',3,4,'TAHUN','3.0000','5.0000',0,'','3.95 ~ 5.26'),(201,'Laki-laki',4,6,'BULAN','3.0000','5.0000',0,'','3.65 ~ 5.22'),(201,'Laki-laki',5,6,'TAHUN','4.0000','5.0000',0,'','4.11 ~ 5.95'),(201,'Laki-laki',7,8,'TAHUN','4.0000','5.0000',0,'','4.19 ~ 5.96'),(201,'Laki-laki',9,10,'TAHUN','4.0000','6.0000',0,'','4.43 ~ 6.02'),(201,'Laki-laki',11,12,'TAHUN','4.0000','6.0000',0,'','4.88 ~ 6.16'),(201,'Laki-laki',13,999,'TAHUN','4.0000','5.0000',0,'','4.5 ~ 5.5'),(201,'Perempuan',0,1,'BULAN','4.0000','16.0000',0,'','4.32 ~ 16.4'),(201,'Perempuan',0,1,'TAHUN','3.0000','5.0000',0,'','3.87 ~ 5.39'),(201,'Perempuan',0,14,'HARI','4.0000','6.0000',0,'','4.76 ~ 6.95'),(201,'Perempuan',1,2,'TAHUN','3.0000','5.0000',0,'','3.96 ~ 5.32'),(201,'Perempuan',2,3,'BULAN','4.0000','6.0000',0,'','4.08 ~ 6.05'),(201,'Perempuan',3,4,'TAHUN','3.0000','5.0000',0,'','3.95 ~ 5.26'),(201,'Perempuan',4,6,'BULAN','3.0000','5.0000',0,'','3.65 ~ 5.22'),(201,'Perempuan',5,6,'TAHUN','4.0000','5.0000',0,'','4.11 ~ 5.95'),(201,'Perempuan',7,8,'TAHUN','4.0000','5.0000',0,'','4.19 ~ 5.96'),(201,'Perempuan',9,10,'TAHUN','4.0000','6.0000',0,'','4.43 ~ 6.02'),(201,'Perempuan',11,12,'TAHUN','4.0000','6.0000',0,'','4.88 ~ 6.16'),(201,'Perempuan',13,999,'TAHUN','4.0000','5.0000',0,'','4.0 ~ 5.0'),(203,'Laki-laki',0,999,'TAHUN','0.0000','0.0000',NULL,NULL,'<2'),(203,'Perempuan',0,999,'TAHUN','0.0000','0.0000',NULL,NULL,'<2'),(204,'Laki-laki',0,999,'TAHUN','0.0000','1.0000',NULL,NULL,'0 ~ 1'),(204,'Perempuan',0,999,'TAHUN','0.0000','1.0000',NULL,NULL,'0 ~ 1'),(208,'Laki-laki',0,999,'TAHUN','24.0000','999.0000',NULL,NULL,'> 24 jam'),(208,'Perempuan',0,999,'TAHUN','24.0000','999.0000',NULL,NULL,'> 24 jam'),(210,'Laki-laki',0,999,'TAHUN','3.0000','9999.0000',NULL,NULL,'> 3 jam'),(210,'Perempuan',0,999,'TAHUN','3.0000','9999.0000',NULL,NULL,'> 3 jam'),(212,'Laki-laki',0,999,'TAHUN','10.0000','20.0000',NULL,NULL,'10-20'),(212,'Perempuan',0,999,'TAHUN','10.0000','20.0000',NULL,NULL,'10-20'),(213,'Laki-laki',0,14,'TAHUN','7.0000','140.0000',NULL,'Female :  6 - 159\r\nMale   : 28 - 397','7 ~ 140'),(213,'Laki-laki',15,999,'TAHUN','30.0000','400.0000',NULL,NULL,'30 ~ 400'),(213,'Perempuan',0,14,'TAHUN','7.0000','140.0000',NULL,'Female :  6 - 159\r\nMale   : 28 - 397','7 ~ 140'),(213,'Perempuan',15,999,'TAHUN','35.0000','150.0000',NULL,NULL,'35 ~ 150'),(215,'Laki-laki',0,999,'TAHUN','300.0000','1300.0000',NULL,NULL,'300 ~ 1300'),(215,'Perempuan',0,999,'TAHUN','300.0000','1300.0000',NULL,NULL,'300 ~ 1300'),(217,'Laki-laki',0,999,'TAHUN','0.0000','3.0000',NULL,NULL,'0 - 3'),(217,'Perempuan',0,999,'TAHUN','0.0000','3.0000',NULL,NULL,'0 - 3'),(219,'Laki-laki',0,999,'TAHUN','0.0000','65.0000',NULL,NULL,'<65'),(219,'Perempuan',0,999,'TAHUN','0.0000','65.0000',NULL,NULL,'<65'),(221,'Laki-laki',0,999,'TAHUN','0.0000','40.0000',NULL,NULL,'< 40'),(221,'Perempuan',0,999,'TAHUN','0.0000','40.0000',NULL,NULL,'< 40'),(222,'Laki-laki',0,999,'TAHUN','0.0000','0.9300',NULL,NULL,'< 0.93'),(222,'Perempuan',0,999,'TAHUN','0.0000','0.9300',NULL,NULL,'< 0.93'),(224,'Laki-laki',0,999,'TAHUN','0.0000','9999.0000',NULL,'Wanita          : 1.5 - 12.4\r\n -Folikular    : 3.5-12.5 \r\n -Luteal        : 1.7-7.7\r\n -Ovulasi      : 4.7-21.5\r\n -Post Menopausal  : 42-126\r\nLaki-laki       : 1-8\r\n','MRR'),(224,'Perempuan',0,999,'TAHUN','0.0000','9999.0000',NULL,'Wanita          : 1.5 - 12.4\r\n -Folikular    : 3.5-12.5 \r\n -Luteal        : 1.7-7.7\r\n -Ovulasi      : 4.7-21.5\r\n -Post Menopausal  : 42-126\r\nLaki-laki       : 1-8\r\n','MRR'),(225,'Laki-laki',0,999,'TAHUN','0.7100','1.8600',NULL,NULL,'0.71 ~ 1.86'),(225,'Perempuan',0,999,'TAHUN','0.7100','1.8600',NULL,NULL,'0.71 ~ 1.86'),(227,'Laki-laki',0,999,'TAHUN','0.0000','999.0000',NULL,'Adult    : 7.9 - 16.3\r\nNew Born : 50% Higher','MRR'),(227,'Perempuan',0,999,'TAHUN','0.0000','999.0000',NULL,'Adult    : 7.9 - 16.3\r\nNew Born : 50% Higher','MRR'),(228,'Laki-laki',0,999,'TAHUN','8.0000','16.0000',NULL,NULL,'8.0 ~ 16.0'),(228,'Perempuan',0,999,'TAHUN','8.0000','16.0000',NULL,NULL,'8.0 ~ 16.0'),(229,'Laki-laki',0,999,'TAHUN','11.0000','50.0000',NULL,NULL,'11 ~ 50'),(229,'Perempuan',0,999,'TAHUN','7.0000','32.0000',NULL,NULL,'7 ~ 32'),(234,'Laki-laki',0,999,'TAHUN','1.5000','5.2000',NULL,NULL,'1.5 ~ 5.2'),(234,'Perempuan',0,999,'TAHUN','1.5000','5.2000',NULL,NULL,'1.5 ~ 5.2'),(235,'Laki-laki',0,999,'TAHUN','110.0000','200.0000',NULL,NULL,'110 ~ 200'),(235,'Perempuan',0,999,'TAHUN','110.0000','200.0000',NULL,NULL,'110 ~ 200'),(236,'Laki-laki',0,999,'TAHUN','110.0000','200.0000',NULL,NULL,'110 ~ 200'),(236,'Perempuan',0,999,'TAHUN','110.0000','200.0000',NULL,NULL,'110 ~ 200'),(237,'Laki-laki',0,999,'TAHUN','100.0000','140.0000',0,'','100 ~ 140'),(237,'Perempuan',0,999,'TAHUN','100.0000','140.0000',0,'','100 ~ 140'),(238,'Laki-laki',0,999,'TAHUN','100.0000','140.0000',NULL,NULL,'100 ~ 140'),(238,'Perempuan',0,999,'TAHUN','100.0000','140.0000',NULL,NULL,'100 ~ 140'),(239,'Laki-laki',0,999,'TAHUN','75.0000','140.0000',0,'','75 ~ 140'),(239,'Perempuan',0,999,'TAHUN','75.0000','140.0000',0,'','75 ~ 140'),(240,'Laki-laki',0,999,'TAHUN','75.0000','115.0000',0,'','75 ~ 120'),(240,'Perempuan',0,999,'TAHUN','75.0000','115.0000',0,'','75 ~ 120'),(241,'Laki-laki',0,999,'TAHUN','75.0000','150.0000',0,'','75 ~ 150'),(241,'Perempuan',0,999,'TAHUN','75.0000','150.0000',0,'','75 ~ 150'),(243,'Laki-laki',0,999,'TAHUN','0.0000','150.0000',NULL,NULL,'< 150'),(243,'Perempuan',0,999,'TAHUN','0.0000','150.0000',NULL,NULL,'< 150'),(244,'Laki-laki',0,999,'TAHUN','0.0000','999.0000',86,NULL,'negatif'),(244,'Perempuan',0,999,'TAHUN','0.0000','999.0000',86,NULL,'negatif'),(245,'Laki-laki',0,999,'TAHUN','0.0000','999.0000',86,NULL,'negatif'),(245,'Perempuan',0,999,'TAHUN','0.0000','999.0000',86,NULL,'negatif'),(246,'Laki-laki',0,999,'TAHUN','0.0000','999.0000',86,NULL,'negatif'),(246,'Perempuan',0,999,'TAHUN','0.0000','999.0000',86,NULL,'negatif'),(247,'Laki-laki',0,999,'TAHUN','0.0000','999.0000',86,NULL,'negatif'),(247,'Perempuan',0,999,'TAHUN','0.0000','999.0000',86,NULL,'negatif'),(248,'Laki-laki',0,999,'TAHUN','0.0000','999.0000',86,NULL,'negatif'),(248,'Perempuan',0,999,'TAHUN','0.0000','999.0000',86,NULL,'negatif'),(249,'Laki-laki',0,999,'TAHUN','0.0000','999.0000',86,NULL,'negatif'),(249,'Perempuan',0,999,'TAHUN','0.0000','999.0000',86,NULL,'negatif'),(250,'Laki-laki',0,999,'TAHUN','0.0000','999.0000',86,NULL,'Negatif'),(250,'Perempuan',0,999,'TAHUN','0.0000','999.0000',86,NULL,'Negatif'),(257,'Laki-laki',0,999,'TAHUN','33.6000','73.6000',NULL,NULL,'33.6 ~ 73.6'),(257,'Perempuan',0,999,'TAHUN','33.6000','73.6000',NULL,NULL,'33.6 ~ 73.6'),(260,'Laki-laki',0,999,'TAHUN','0.0000','999.0000',86,NULL,'Negatif'),(260,'Perempuan',0,999,'TAHUN','0.0000','999.0000',86,NULL,'Negatif'),(261,'Laki-laki',0,8,'HARI','0.0000','999.0000',NULL,NULL,'20'),(261,'Laki-laki',0,999,'TAHUN','96.0000','99.0000',NULL,NULL,'96 ~ 99'),(261,'Perempuan',0,8,'HARI','0.0000','999.0000',NULL,NULL,'20'),(261,'Perempuan',0,999,'TAHUN','96.0000','99.0000',NULL,NULL,'96 ~ 99'),(262,'Laki-laki',0,8,'HARI','0.0000','999.0000',NULL,NULL,'0.5'),(262,'Laki-laki',0,999,'TAHUN','0.0000','3.5000',NULL,NULL,'0 ~ 3.5'),(262,'Perempuan',0,8,'HARI','0.0000','999.0000',NULL,NULL,'0.5'),(262,'Perempuan',0,999,'TAHUN','0.0000','3.5000',NULL,NULL,'0 ~ 3.5'),(263,'Laki-laki',0,999,'TAHUN','0.0000','3.5000',NULL,NULL,'0 ~ 3.5'),(263,'Perempuan',0,999,'TAHUN','0.0000','3.5000',NULL,NULL,'0 ~ 3.5'),(265,'Laki-laki',0,8,'HARI','0.0000','999.0000',NULL,NULL,'80'),(265,'Laki-laki',0,999,'TAHUN','0.0000','2.0000',NULL,NULL,'< 2'),(265,'Perempuan',0,8,'HARI','0.0000','999.0000',NULL,NULL,'80'),(265,'Perempuan',0,999,'TAHUN','0.0000','2.0000',NULL,NULL,'< 2'),(270,'Laki-laki',0,999,'TAHUN','96.0000','99.0000',NULL,NULL,'96 ~ 99'),(270,'Perempuan',0,999,'TAHUN','96.0000','99.0000',NULL,NULL,'96 ~ 99'),(271,'Laki-laki',0,999,'TAHUN','5.0000','8.0000',NULL,NULL,'5 ~ 8'),(271,'Perempuan',0,999,'TAHUN','5.0000','8.0000',NULL,NULL,'5 ~ 8'),(272,'Laki-laki',0,999,'TAHUN','0.0000','999.0000',NULL,NULL,'Index <1'),(272,'Perempuan',0,999,'TAHUN','0.0000','999.0000',NULL,NULL,'Index <1'),(273,'Laki-laki',0,999,'TAHUN','0.0000','999.0000',86,'','Negatif'),(273,'Perempuan',0,999,'TAHUN','0.0000','999.0000',86,'','Negatif'),(275,'Laki-laki',0,999,'TAHUN','0.0000','999.0000',86,NULL,'Negatif'),(275,'Perempuan',0,999,'TAHUN','0.0000','999.0000',86,NULL,'Negatif'),(276,'Laki-laki',0,999,'TAHUN','0.0000','3.9900',NULL,'Week Post LMP (Last Menstrual Period)\r\n 3- 4 : 9-130\r\n 4- 5 : 75-2600\r\n 5- 6 : 850-20000\r\n 6- 7 : 4000-100200\r\n 7-12 : 11500-289000\r\n12-16 : 18300-137000\r\n16-29 (2nd trimester) : 1400-53000\r\n29-41 (3rd trimester) : 940-60000\r\nPostmenopausal        : < 9\r\nMale                  : < 5','< 4'),(276,'Perempuan',0,999,'TAHUN','0.0000','3.9900',NULL,'Week Post LMP (Last Menstrual Period)\r\n 3- 4 : 9-130\r\n 4- 5 : 75-2600\r\n 5- 6 : 850-20000\r\n 6- 7 : 4000-100200\r\n 7-12 : 11500-289000\r\n12-16 : 18300-137000\r\n16-29 (2nd trimester) : 1400-53000\r\n29-41 (3rd trimester) : 940-60000\r\nPostmenopausal        : < 9\r\nMale                  : < 5','< 4'),(277,'Laki-laki',0,1,'BULAN','17.3000','23.6000',NULL,NULL,'17.3 ~ 23.6'),(277,'Laki-laki',0,1,'TAHUN','19.0000','23.9000',NULL,NULL,'19.0 ~ 23.9'),(277,'Laki-laki',2,999,'TAHUN','22.0000','26.0000',NULL,NULL,'22 ~ 26'),(277,'Perempuan',0,1,'BULAN','17.3000','23.6000',NULL,NULL,'17.3 ~ 23.6'),(277,'Perempuan',0,1,'TAHUN','19.0000','23.9000',NULL,NULL,'19.0 ~ 23.9'),(277,'Perempuan',2,999,'TAHUN','22.0000','26.0000',NULL,NULL,'22 ~ 26'),(278,'Laki-laki',0,999,'TAHUN','24.0000','28.0000',NULL,NULL,'24 ~ 28'),(278,'Perempuan',0,999,'TAHUN','24.0000','28.0000',NULL,NULL,'24 ~ 28'),(280,'Laki-laki',0,999,'TAHUN','0.0000','999.0000',89,NULL,'None Detected'),(280,'Perempuan',0,999,'TAHUN','0.0000','999.0000',89,NULL,'None Detected'),(281,'Laki-laki',0,999,'TAHUN','0.0000','1000.0000',NULL,NULL,'<1000'),(281,'Perempuan',0,999,'TAHUN','0.0000','1000.0000',NULL,NULL,'<1000'),(282,'Laki-laki',0,999,'TAHUN','0.0000','999.0000',86,NULL,'Negatif'),(282,'Perempuan',0,999,'TAHUN','0.0000','999.0000',86,NULL,'Negatif'),(283,'Laki-laki',0,999,'TAHUN','40.0000','48.0000',NULL,NULL,'40 ~ 48'),(283,'Perempuan',0,999,'TAHUN','37.0000','43.0000',NULL,NULL,'37 ~ 43'),(285,'Laki-laki',0,1,'BULAN','10.0000','18.0000',0,'','10 ~ 18'),(285,'Laki-laki',0,6,'TAHUN','11.5000','13.5000',0,'','11.5 ~ 13.5'),(285,'Laki-laki',2,6,'BULAN','9.5000','13.5000',0,'','9.5 ~ 13.5'),(285,'Laki-laki',7,12,'TAHUN','11.5000','15.5000',0,'','11.5 ~ 15.5'),(285,'Laki-laki',13,999,'TAHUN','13.0000','16.0000',0,'','13.0 ~ 16.0'),(285,'Perempuan',0,1,'BULAN','10.0000','18.0000',0,'','10 ~ 18'),(285,'Perempuan',0,6,'TAHUN','11.5000','13.5000',0,'','11.5 ~ 13.5'),(285,'Perempuan',2,6,'BULAN','9.5000','13.5000',0,'','9.5 ~ 13.5'),(285,'Perempuan',7,12,'TAHUN','11.5000','15.5000',0,'','11.5 ~ 15.5'),(285,'Perempuan',13,999,'TAHUN','12.0000','15.0000',0,'','12.0 ~ 15.0'),(289,'Laki-laki',0,999,'TAHUN','0.0000','999.0000',86,NULL,'Negatif'),(289,'Perempuan',0,999,'TAHUN','0.0000','999.0000',86,NULL,'Negatif'),(291,'Laki-laki',0,999,'TAHUN','0.0000','11.0000',NULL,NULL,'< 11'),(291,'Perempuan',0,999,'TAHUN','0.0000','11.0000',NULL,NULL,'< 11'),(294,'Laki-laki',0,60,'TAHUN','5.0000','20.0000',NULL,NULL,'5 ~ 20'),(294,'Laki-laki',61,999,'TAHUN','5.0000','15.0000',NULL,NULL,'5 ~ 15'),(294,'Perempuan',0,60,'TAHUN','5.0000','20.0000',NULL,NULL,'5 ~ 20'),(294,'Perempuan',61,999,'TAHUN','5.0000','15.0000',NULL,NULL,'5 ~ 15'),(295,'Laki-laki',0,3,'TAHUN','0.4300','2.4000',NULL,NULL,'0.43 ~ 2.40'),(295,'Laki-laki',4,6,'TAHUN','0.0900','2.5000',NULL,NULL,'0.09 ~ 2.50'),(295,'Laki-laki',5,11,'TAHUN','0.0800','4.7000',NULL,NULL,'0.08 ~ 4.70'),(295,'Laki-laki',12,14,'TAHUN','0.1400','9.9000',NULL,NULL,'0.14 ~ 9.90'),(295,'Laki-laki',14,15,'TAHUN','0.1000','7.8000',NULL,NULL,'0.1 ~ 7.8'),(295,'Laki-laki',15,16,'TAHUN','0.0800','11.4000',NULL,NULL,'0.08 ~ 11.40'),(295,'Laki-laki',16,17,'TAHUN','0.2200','12.2000',NULL,NULL,'0.22 ~ 12.20'),(295,'Laki-laki',18,999,'TAHUN','0.0000','1.0000',19,NULL,'< 1'),(295,'Perempuan',0,3,'TAHUN','0.4300','2.4000',NULL,NULL,'0.43 ~ 2.40'),(295,'Perempuan',4,6,'TAHUN','0.0900','2.5000',NULL,NULL,'0.09 ~ 2.50'),(295,'Perempuan',5,11,'TAHUN','0.0800','4.7000',NULL,NULL,'0.08 ~ 4.70'),(295,'Perempuan',12,14,'TAHUN','0.1400','9.9000',NULL,NULL,'0.14 ~ 9.90'),(295,'Perempuan',14,15,'TAHUN','0.1000','7.8000',NULL,NULL,'0.1 ~ 7.8'),(295,'Perempuan',15,16,'TAHUN','0.0800','11.4000',NULL,NULL,'0.08 ~ 11.40'),(295,'Perempuan',16,17,'TAHUN','0.2200','12.2000',NULL,NULL,'0.22 ~ 12.20'),(295,'Perempuan',18,999,'TAHUN','0.0000','1.0000',19,NULL,'< 1'),(296,'Laki-laki',0,999,'TAHUN','0.0000','999.0000',86,'','Negatif'),(296,'Perempuan',0,999,'TAHUN','0.0000','999.0000',86,'','Negatif'),(297,'Laki-laki',0,999,'TAHUN','0.0000','999.0000',86,'','Negatif'),(297,'Perempuan',0,999,'TAHUN','0.0000','999.0000',86,'','Negatif'),(299,'Laki-laki',0,999,'TAHUN','0.0000','999.0000',NULL,NULL,'< 200'),(299,'Perempuan',0,999,'TAHUN','0.0000','999.0000',NULL,NULL,'< 200'),(301,'Laki-laki',0,999,'TAHUN','1.5000','6.0000',NULL,NULL,'1.5-6'),(301,'Perempuan',0,999,'TAHUN','1.5000','6.0000',NULL,NULL,'1.5-6'),(302,'Laki-laki',0,999,'TAHUN','0.0000','40.0000',NULL,NULL,'<40'),(302,'Perempuan',0,999,'TAHUN','0.0000','40.0000',NULL,NULL,'<40'),(304,'Laki-laki',0,999,'TAHUN','0.0000','999.0000',135,NULL,'Positif'),(304,'Perempuan',0,999,'TAHUN','0.0000','999.0000',135,NULL,'Positif'),(305,'Laki-laki',0,999,'TAHUN','0.0000','999.0000',135,NULL,'Positif'),(305,'Perempuan',0,999,'TAHUN','0.0000','999.0000',135,NULL,'Positif'),(307,'Laki-laki',0,999,'TAHUN','0.0000','200.0000',NULL,'0 - 1 Th : < 29\r\n1 - 2 Th : < 49\r\n2 - 3 Th : < 45\r\n3 - 9 Th : < 52\r\nDewasa   : < 87','< 200'),(307,'Perempuan',0,999,'TAHUN','0.0000','200.0000',NULL,'0 - 1 Th : < 29\r\n1 - 2 Th : < 49\r\n2 - 3 Th : < 45\r\n3 - 9 Th : < 52\r\nDewasa   : < 87','< 200'),(308,'Laki-laki',0,999,'TAHUN','0.0000','999.0000',NULL,'CORD         : 760-1700\r\nNEW BORN     : 700-1480\r\n0.5  -  6 BL : 300-1000\r\n6 BL -  2 TH : 500-1200\r\n  2  -  6 TH : 500-1300\r\n  6  - 12 TH : 700-1650\r\n 12  - 16 TH : 700-1550\r\nDEWASA       : 800-1813\r\n','MRR'),(308,'Perempuan',0,999,'TAHUN','0.0000','999.0000',NULL,'CORD         : 760-1700\r\nNEW BORN     : 700-1480\r\n0.5  -  6 BL : 300-1000\r\n6 BL -  2 TH : 500-1200\r\n  2  -  6 TH : 500-1300\r\n  6  - 12 TH : 700-1650\r\n 12  - 16 TH : 700-1550\r\nDEWASA       : 800-1813\r\n','MRR'),(309,'Laki-laki',0,999,'TAHUN','0.0000','999.0000',86,NULL,'Negatif'),(309,'Perempuan',0,999,'TAHUN','0.0000','999.0000',86,NULL,'Negatif'),(310,'Laki-laki',0,999,'TAHUN','0.0000','999.0000',86,NULL,'Negatif'),(310,'Perempuan',0,999,'TAHUN','0.0000','999.0000',86,NULL,'Negatif'),(311,'Laki-laki',0,999,'TAHUN','0.0000','40.0000',NULL,NULL,'<40'),(311,'Perempuan',0,999,'TAHUN','0.0000','40.0000',NULL,NULL,'<40'),(312,'Laki-laki',0,999,'TAHUN','0.0000','999.0000',NULL,'15-20 : Inderteminate\r\n20-80 : Low to medium positive\r\n>80   : High positive','MRR'),(312,'Perempuan',0,999,'TAHUN','0.0000','999.0000',NULL,'15-20 : Inderteminate\r\n20-80 : Low to medium positive\r\n>80   : High positive','MRR'),(314,'Laki-laki',0,999,'TAHUN','0.0000','1.0000',NULL,NULL,'<1'),(314,'Perempuan',0,999,'TAHUN','0.0000','1.0000',NULL,NULL,'<1'),(315,'Laki-laki',0,999,'TAHUN','0.0000','999.0000',NULL,'12,5-20 : Indeterminate\r\n20 - 80 : Low to medium positive\r\n>80     : High positive','MRR'),(315,'Perempuan',0,999,'TAHUN','0.0000','999.0000',NULL,'12,5-20 : Indeterminate\r\n20 - 80 : Low to medium positive\r\n>80     : High positive','MRR'),(321,'Laki-laki',0,999,'TAHUN','1.0000','1.2000',NULL,NULL,'1 ~ 1.2'),(321,'Perempuan',0,999,'TAHUN','1.0000','1.2000',NULL,NULL,'1 ~ 1.2'),(323,'Laki-laki',0,999,'TAHUN','0.0000','30.0000',NULL,NULL,'<30'),(323,'Perempuan',0,999,'TAHUN','0.0000','30.0000',NULL,NULL,'<30'),(327,'Laki-laki',0,999,'TAHUN','0.0000','999.0000',86,NULL,'Negatif'),(327,'Perempuan',0,999,'TAHUN','0.0000','999.0000',86,NULL,'Negatif'),(331,'Laki-laki',0,999,'TAHUN','5.0000','15.0000',NULL,NULL,'5 ~ 15'),(331,'Perempuan',0,999,'TAHUN','5.0000','15.0000',NULL,NULL,'5 ~ 15'),(332,'Laki-laki',0,999,'TAHUN','0.0000','5.0000',NULL,NULL,'< 5'),(332,'Perempuan',0,999,'TAHUN','0.0000','5.0000',NULL,NULL,'< 5'),(334,'Laki-laki',0,999,'TAHUN','0.0000','5.0000',NULL,NULL,'< 5'),(334,'Perempuan',0,999,'TAHUN','0.0000','5.0000',NULL,NULL,'< 5'),(336,'Laki-laki',0,999,'TAHUN','20.0000','150.0000',NULL,NULL,'20 ~ 150'),(336,'Perempuan',0,999,'TAHUN','20.0000','150.0000',NULL,NULL,'20 ~ 150'),(337,'Laki-laki',0,999,'TAHUN','40.0000','300.0000',NULL,NULL,'40 ~ 300'),(337,'Perempuan',0,999,'TAHUN','40.0000','300.0000',NULL,NULL,'40 ~ 300'),(340,'Laki-laki',0,999,'TAHUN','3.5000','5.4000',NULL,NULL,'3.5 ~ 5.4'),(340,'Perempuan',0,999,'TAHUN','3.5000','5.4000',NULL,NULL,'3.5 ~ 5.4'),(342,'Laki-laki',0,999,'TAHUN','45.0000','150.0000',NULL,NULL,'45 ~ 150'),(342,'Perempuan',0,999,'TAHUN','45.0000','150.0000',NULL,NULL,'45 ~ 150'),(343,'Laki-laki',0,999,'TAHUN','4.2000','5.4000',NULL,NULL,'4.2 ~ 5.4'),(343,'Perempuan',0,999,'TAHUN','4.2000','5.4000',NULL,NULL,'4.2 ~ 5.4'),(344,'Laki-laki',0,999,'TAHUN','100.0000','320.0000',NULL,NULL,'100 ~ 320'),(344,'Perempuan',0,999,'TAHUN','100.0000','320.0000',NULL,NULL,'100 ~ 320'),(345,'Laki-laki',0,999,'TAHUN','0.0000','250.0000',NULL,NULL,'0 ~ 250'),(345,'Perempuan',0,999,'TAHUN','0.0000','250.0000',NULL,NULL,'0 ~ 250'),(346,'Laki-laki',0,999,'TAHUN','8.1000','10.4000',NULL,NULL,'8.1 ~ 10.4'),(346,'Perempuan',0,999,'TAHUN','8.1000','10.4000',NULL,NULL,'8.1 ~ 10.4'),(356,'Laki-laki',0,999,'TAHUN','0.0000','999.0000',86,NULL,'Negatif'),(356,'Perempuan',0,999,'TAHUN','0.0000','999.0000',86,NULL,'Negatif'),(358,'Laki-laki',0,999,'TAHUN','0.0000','999.0000',86,NULL,'Negatif'),(358,'Perempuan',0,999,'TAHUN','0.0000','999.0000',86,NULL,'Negatif'),(362,'Laki-laki',0,999,'TAHUN','95.0000','100.0000',NULL,NULL,'95 ~ 100'),(362,'Perempuan',0,999,'TAHUN','95.0000','100.0000',NULL,NULL,'95 ~ 100'),(364,'Laki-laki',0,999,'TAHUN','110.0000','250.0000',NULL,NULL,'110 ~ 250'),(364,'Perempuan',0,999,'TAHUN','110.0000','250.0000',NULL,NULL,'110 ~ 250'),(365,'Laki-laki',0,999,'TAHUN','0.0000','999.0000',198,NULL,'Tidak Ada'),(365,'Perempuan',0,999,'TAHUN','0.0000','999.0000',198,NULL,'Tidak Ada'),(369,'Laki-laki',0,999,'TAHUN','0.0000','219.9900',0,'','< 255'),(369,'Perempuan',0,999,'TAHUN','0.0000','219.9900',0,'','< 255'),(370,'Laki-laki',0,999,'TAHUN','5.4000','13.2000',NULL,NULL,'5.4 ~ 13.2'),(370,'Perempuan',0,999,'TAHUN','5.4000','13.2000',NULL,NULL,'5.4 ~ 13.2'),(371,'Laki-laki',0,999,'TAHUN','0.0000','999.0000',77,NULL,'Lembek'),(371,'Perempuan',0,999,'TAHUN','0.0000','999.0000',77,NULL,'Lembek'),(373,'Laki-laki',0,999,'TAHUN','0.0000','1.0000',0,'','0.5 ~ 1.2'),(373,'Perempuan',0,999,'TAHUN','0.0000','1.0000',0,'','0.5 ~ 1.2'),(374,'Laki-laki',0,999,'TAHUN','0.5000','1.5000',NULL,NULL,'0.5 ~ 1.5'),(374,'Perempuan',0,999,'TAHUN','0.5000','1.5000',NULL,NULL,'0.5 ~ 1.5'),(376,'Laki-laki',0,999,'TAHUN','600.0000','1800.0000',NULL,NULL,'600 ~ 1800'),(376,'Perempuan',0,999,'TAHUN','600.0000','1800.0000',NULL,NULL,'600 ~ 1800'),(377,'Laki-laki',0,999,'TAHUN','0.0000','999.0000',86,NULL,'Negatif'),(377,'Perempuan',0,999,'TAHUN','0.0000','999.0000',86,NULL,'Negatif'),(378,'Laki-laki',0,999,'TAHUN','0.0000','999.0000',86,NULL,'Negatif'),(378,'Perempuan',0,999,'TAHUN','0.0000','999.0000',86,NULL,'Negatif'),(380,'Laki-laki',0,999,'TAHUN','0.0000','12.0000',NULL,NULL,'0 ~ 12'),(380,'Perempuan',0,999,'TAHUN','0.0000','12.0000',NULL,NULL,'0 ~ 12'),(381,'Laki-laki',0,999,'TAHUN','0.0000','13.9900',0,'','< 14'),(381,'Perempuan',0,999,'TAHUN','0.0000','19.9900',0,'','< 20'),(382,'Laki-laki',0,999,'TAHUN','0.0000','999.0000',NULL,NULL,'0 - 20'),(382,'Perempuan',0,999,'TAHUN','0.0000','999.0000',NULL,NULL,'0 - 20'),(384,'Laki-laki',0,999,'TAHUN','0.0000','999.0000',86,NULL,'Negatif'),(384,'Perempuan',0,999,'TAHUN','0.0000','999.0000',86,NULL,'Negatif'),(387,'Laki-laki',0,999,'TAHUN','0.0000','999.0000',86,NULL,'Negatif'),(387,'Perempuan',0,999,'TAHUN','0.0000','999.0000',86,NULL,'Negatif'),(388,'Laki-laki',0,999,'TAHUN','4.0000','10.0000',0,'','4.2 ~ 10'),(388,'Perempuan',0,999,'TAHUN','4.0000','10.0000',0,'','4.2 ~ 10'),(390,'Laki-laki',0,999,'TAHUN','0.0000','999.0000',NULL,NULL,'<6'),(390,'Perempuan',0,999,'TAHUN','0.0000','999.0000',NULL,NULL,'<6'),(391,'Laki-laki',0,999,'TAHUN','0.0000','999.0000',86,NULL,'Negatif'),(391,'Perempuan',0,999,'TAHUN','0.0000','999.0000',86,NULL,'Negatif'),(392,'Laki-laki',0,999,'TAHUN','0.0000','6.0000',NULL,NULL,'0 ~ 6'),(392,'Perempuan',0,999,'TAHUN','0.0000','6.0000',NULL,NULL,'0 ~ 6'),(393,'Laki-laki',0,999,'TAHUN','0.0000','999.0000',86,NULL,'Negatif'),(393,'Perempuan',0,999,'TAHUN','0.0000','999.0000',86,NULL,'Negatif'),(394,'Laki-laki',0,999,'TAHUN','0.0000','0.0000',86,NULL,'Negatif'),(394,'Perempuan',0,999,'TAHUN','0.0000','0.0000',86,NULL,'Negatif'),(396,'Laki-laki',0,999,'TAHUN','0.0000','999.0000',86,NULL,'Negatif'),(396,'Perempuan',0,999,'TAHUN','0.0000','999.0000',86,NULL,'Negatif'),(397,'Laki-laki',0,999,'TAHUN','0.0000','999.0000',86,NULL,'Negatif'),(397,'Perempuan',0,999,'TAHUN','0.0000','999.0000',86,NULL,'Negatif'),(398,'Laki-laki',0,999,'TAHUN','0.0000','999.0000',NULL,'Wanita :\r\n  -Folikular  : 2.4-12.6\r\n  -Luteal      : 1.0-11.4\r\n  -Ovulasi    : 14.0-95.6\r\n  -Post Menopausal : 7.7-58.5\r\nPria             : 1.7-8.6\r\n','MRR'),(398,'Perempuan',0,999,'TAHUN','0.0000','999.0000',NULL,'Wanita :\r\n  -Folikular  : 2.4-12.6\r\n  -Luteal      : 1.0-11.4\r\n  -Ovulasi    : 14.0-95.6\r\n  -Post Menopausal : 7.7-58.5\r\nPria             : 1.7-8.6\r\n','MRR'),(400,'Laki-laki',0,999,'TAHUN','20.0000','40.0000',NULL,NULL,'20 ~ 40'),(400,'Perempuan',0,999,'TAHUN','20.0000','40.0000',NULL,NULL,'20 ~ 40'),(401,'Laki-laki',0,999,'TAHUN','0.0000','190.0000',NULL,NULL,'< 190'),(401,'Perempuan',0,999,'TAHUN','0.0000','190.0000',NULL,NULL,'< 190'),(402,'Laki-laki',0,999,'TAHUN','0.0000','999.0000',NULL,'Intepretasi :\r\nNilai Batas Resiko PJK   :>=30 mg/dL\r\nNilai Batas Resiko Stroke:>=20 mg/dl\r\n','MRR'),(402,'Perempuan',0,999,'TAHUN','0.0000','999.0000',NULL,'Intepretasi :\r\nNilai Batas Resiko PJK   :>=30 mg/dL\r\nNilai Batas Resiko Stroke:>=20 mg/dl\r\n','MRR'),(404,'Laki-laki',0,999,'TAHUN','15.0000','40.0000',NULL,NULL,'15 - 40'),(404,'Perempuan',0,999,'TAHUN','15.0000','40.0000',NULL,NULL,'15 - 40'),(406,'Laki-laki',0,999,'TAHUN','1.9000','2.5000',NULL,NULL,'1.9 ~ 2.5'),(406,'Perempuan',0,999,'TAHUN','1.9000','2.5000',NULL,NULL,'1.9 ~ 2.5'),(407,'Laki-laki',0,999,'TAHUN','6.0000','21.0000',NULL,NULL,'6.0 ~ 21.0'),(407,'Perempuan',0,999,'TAHUN','6.0000','21.0000',NULL,NULL,'6.0 ~ 21.0'),(408,'Laki-laki',0,999,'TAHUN','4.1000','13.8000',NULL,NULL,'4.1 ~ 13.8'),(408,'Perempuan',0,999,'TAHUN','4.1000','13.8000',NULL,NULL,'4.1 ~ 13.8'),(409,'Laki-laki',0,999,'TAHUN','2.5000','3.5000',NULL,NULL,'2.5 ~ 3.5'),(409,'Perempuan',0,999,'TAHUN','2.5000','3.5000',NULL,NULL,'2.5 ~ 3.5'),(412,'Laki-laki',0,999,'TAHUN','0.0000','999.0000',86,NULL,'Negatif'),(412,'Perempuan',0,999,'TAHUN','0.0000','999.0000',86,NULL,'Negatif'),(414,'Laki-laki',0,999,'TAHUN','6.0000','15.0000',0,'','6 ~ 15'),(414,'Perempuan',0,999,'TAHUN','6.0000','15.0000',0,'','6 ~ 15'),(415,'Laki-laki',0,999,'TAHUN','2.0000','8.0000',0,'','2 ~ 8'),(415,'Perempuan',0,999,'TAHUN','2.0000','8.0000',0,'','2 ~ 8'),(416,'Laki-laki',0,999,'TAHUN','8.8000','12.8000',NULL,NULL,'8.8 ~ 12.8'),(416,'Perempuan',0,999,'TAHUN','8.8000','12.8000',NULL,NULL,'8.8 ~ 12.8'),(418,'Laki-laki',0,999,'TAHUN','11.0000','15.0000',NULL,NULL,'11 ~ 15'),(418,'Perempuan',0,999,'TAHUN','11.0000','15.0000',NULL,NULL,'11 ~ 15'),(419,'Laki-laki',0,999,'TAHUN','0.0000','11.0000',NULL,NULL,'<11'),(419,'Perempuan',0,999,'TAHUN','0.0000','11.0000',NULL,NULL,'<11'),(420,'Laki-laki',0,1,'BULAN','28.0000','40.0000',NULL,NULL,'28 ~ 40'),(420,'Laki-laki',0,6,'TAHUN','24.0000','30.0000',NULL,NULL,'24 ~ 30'),(420,'Laki-laki',5,6,'BULAN','25.0000','35.0000',NULL,NULL,'25 ~ 35'),(420,'Laki-laki',7,12,'TAHUN','25.0000','33.0000',NULL,NULL,'25 ~ 33'),(420,'Laki-laki',13,999,'TAHUN','26.0000','34.0000',NULL,NULL,'26 ~ 34'),(420,'Perempuan',0,1,'BULAN','28.0000','40.0000',NULL,NULL,'28 ~ 40'),(420,'Perempuan',0,6,'TAHUN','24.0000','30.0000',NULL,NULL,'24 ~ 30'),(420,'Perempuan',5,6,'BULAN','25.0000','35.0000',NULL,NULL,'25 ~ 35'),(420,'Perempuan',7,12,'TAHUN','25.0000','33.0000',NULL,NULL,'25 ~ 33'),(420,'Perempuan',13,999,'TAHUN','26.0000','34.0000',NULL,NULL,'26 ~ 34'),(421,'Laki-laki',0,1,'BULAN','29.0000','37.0000',NULL,NULL,'29 ~ 37'),(421,'Laki-laki',0,12,'TAHUN','31.0000','37.0000',NULL,NULL,'31 ~ 37'),(421,'Laki-laki',2,6,'BULAN','30.0000','36.0000',NULL,NULL,'30 ~ 36'),(421,'Laki-laki',13,999,'TAHUN','32.0000','36.0000',NULL,NULL,'32 ~ 36'),(421,'Perempuan',0,1,'BULAN','29.0000','37.0000',NULL,NULL,'29 ~ 37'),(421,'Perempuan',0,12,'TAHUN','31.0000','37.0000',NULL,NULL,'31 ~ 37'),(421,'Perempuan',2,6,'BULAN','30.0000','36.0000',NULL,NULL,'30 ~ 36'),(421,'Perempuan',13,999,'TAHUN','32.0000','36.0000',NULL,NULL,'32 ~ 36'),(423,'Laki-laki',0,1,'BULAN','85.0000','123.0000',NULL,NULL,'85 ~ 123'),(423,'Laki-laki',0,6,'TAHUN','75.0000','87.0000',NULL,NULL,'75 ~ 87'),(423,'Laki-laki',2,6,'BULAN','74.0000','108.0000',NULL,NULL,'74 ~ 108'),(423,'Laki-laki',7,12,'TAHUN','77.0000','95.0000',NULL,NULL,'77 ~ 95'),(423,'Laki-laki',13,999,'TAHUN','80.0000','100.0000',NULL,NULL,'80 ~ 100'),(423,'Perempuan',0,1,'BULAN','85.0000','123.0000',NULL,NULL,'85 ~ 123'),(423,'Perempuan',0,6,'TAHUN','75.0000','87.0000',NULL,NULL,'75 ~ 87'),(423,'Perempuan',2,6,'BULAN','74.0000','108.0000',NULL,NULL,'74 ~ 108'),(423,'Perempuan',7,12,'TAHUN','77.0000','95.0000',NULL,NULL,'77 ~ 95'),(423,'Perempuan',13,999,'TAHUN','80.0000','100.0000',NULL,NULL,'80 ~ 100'),(425,'Laki-laki',0,999,'TAHUN','0.0000','0.1000',NULL,NULL,'0 ~ 0.1'),(425,'Perempuan',0,999,'TAHUN','0.0000','0.1000',NULL,NULL,'0 ~ 0.1'),(426,'Laki-laki',0,999,'TAHUN','7.1000','24.7000',NULL,NULL,'7.1 ~ 24.7'),(426,'Perempuan',0,999,'TAHUN','7.1000','24.7000',NULL,NULL,'7.1 ~ 24.7'),(427,'Laki-laki',0,999,'TAHUN','0.0000','999.0000',86,NULL,'Negatif'),(427,'Perempuan',0,999,'TAHUN','0.0000','999.0000',86,NULL,'Negatif'),(428,'Laki-laki',0,999,'TAHUN','0.0000','999.0000',86,NULL,'negatif'),(428,'Perempuan',0,999,'TAHUN','0.0000','999.0000',86,NULL,'negatif'),(432,'Laki-laki',0,999,'TAHUN','8.5000','16.9000',NULL,NULL,'8.5 ~ 16.9'),(432,'Perempuan',0,999,'TAHUN','8.5000','16.9000',NULL,NULL,'8.5 ~ 16.9'),(433,'Laki-laki',0,999,'TAHUN','0.0000','999.0000',86,NULL,'Negatif'),(433,'Perempuan',0,999,'TAHUN','0.0000','999.0000',86,NULL,'Negatif'),(435,'Laki-laki',0,999,'TAHUN','2.0000','8.0000',NULL,NULL,'2 ~ 8'),(435,'Perempuan',0,999,'TAHUN','2.0000','8.0000',NULL,NULL,'2 ~ 8'),(436,'Laki-laki',0,999,'TAHUN','0.0000','999.0000',86,NULL,'Negatif'),(436,'Perempuan',0,999,'TAHUN','0.0000','999.0000',86,NULL,'Negatif'),(439,'Laki-laki',0,999,'TAHUN','50.0000','100.0000',NULL,NULL,'50 ~ 100'),(439,'Perempuan',0,999,'TAHUN','50.0000','100.0000',NULL,NULL,'50 ~ 100'),(440,'Laki-laki',0,999,'TAHUN','7.2000','11.1000',NULL,NULL,'7.2 ~ 11.1'),(440,'Perempuan',0,999,'TAHUN','7.2000','11.1000',NULL,NULL,'7.2 ~ 11.1'),(442,'Laki-laki',0,999,'TAHUN','0.1000','1.7000',NULL,NULL,'0.1 ~ 1.7'),(442,'Perempuan',0,999,'TAHUN','0.1000','1.7000',NULL,NULL,'0.1 ~ 1.7'),(444,'Laki-laki',0,999,'TAHUN','0.0000','999.0000',86,NULL,'Negatif'),(444,'Perempuan',0,999,'TAHUN','0.0000','999.0000',86,NULL,'Negatif'),(446,'Laki-laki',0,999,'TAHUN','0.0000','999.0000',86,NULL,'Negatif'),(446,'Perempuan',0,999,'TAHUN','0.0000','999.0000',86,NULL,'Negatif'),(448,'Laki-laki',0,999,'TAHUN','0.0000','999.0000',86,NULL,'Negatif'),(448,'Perempuan',0,999,'TAHUN','0.0000','999.0000',86,NULL,'Negatif'),(449,'Laki-laki',0,999,'TAHUN','135.0000','155.0000',NULL,NULL,'135 ~ 155'),(449,'Perempuan',0,999,'TAHUN','135.0000','155.0000',NULL,NULL,'135 ~ 155'),(451,'Laki-laki',0,999,'TAHUN','40.0000','220.0000',NULL,NULL,'40 ~ 220'),(451,'Perempuan',0,999,'TAHUN','40.0000','220.0000',NULL,NULL,'40 ~ 220'),(452,'Laki-laki',0,999,'TAHUN','50.0000','70.0000',NULL,NULL,'50 ~ 70'),(452,'Perempuan',0,999,'TAHUN','50.0000','70.0000',NULL,NULL,'50 ~ 70'),(453,'Laki-laki',0,999,'TAHUN','0.0000','999.0000',86,NULL,'Negatif'),(453,'Perempuan',0,999,'TAHUN','0.0000','999.0000',86,NULL,'Negatif'),(455,'Laki-laki',0,999,'TAHUN','0.0000','999.0000',86,NULL,'Negatif'),(455,'Perempuan',0,999,'TAHUN','0.0000','999.0000',86,NULL,'Negatif'),(457,'Laki-laki',0,999,'TAHUN','0.3000','3.7000',NULL,NULL,'0.3 ~ 3.7'),(457,'Perempuan',0,999,'TAHUN','0.3000','3.7000',NULL,NULL,'0.3 ~ 3.7'),(458,'Laki-laki',0,999,'TAHUN','0.4000','2.4000',NULL,NULL,'0.4 ~ 2.4'),(458,'Perempuan',0,999,'TAHUN','0.4000','2.4000',NULL,NULL,'0.4 ~ 2.4'),(459,'Laki-laki',0,999,'TAHUN','13.1000','30.1000',NULL,NULL,'13.1 ~ 30.1'),(459,'Perempuan',0,999,'TAHUN','13.1000','30.1000',NULL,NULL,'13.1 ~ 30.1'),(460,'Laki-laki',0,999,'TAHUN','0.0000','18.2000',NULL,NULL,'< 18.2'),(460,'Perempuan',0,999,'TAHUN','0.0000','18.2000',NULL,NULL,'< 18.2'),(462,'Laki-laki',0,999,'TAHUN','0.0000','999.0000',86,NULL,'Negatif'),(462,'Perempuan',0,999,'TAHUN','0.0000','999.0000',86,NULL,'Negatif'),(463,'Laki-laki',0,999,'TAHUN','265.0000','275.0000',NULL,NULL,'265 ~ 275 (Neona)'),(463,'Perempuan',0,999,'TAHUN','265.0000','275.0000',NULL,NULL,'265 ~ 275 (Neona)'),(464,'Laki-laki',0,999,'TAHUN','280.0000','295.0000',NULL,NULL,'280 ~ 295'),(464,'Perempuan',0,999,'TAHUN','280.0000','295.0000',NULL,NULL,'280 ~ 295'),(465,'Laki-laki',0,999,'TAHUN','38.0000','1400.0000',NULL,NULL,'38 ~ 1400'),(465,'Perempuan',0,999,'TAHUN','38.0000','1400.0000',NULL,NULL,'38 ~ 1400'),(466,'Laki-laki',0,30,'TAHUN','24.0000','70.0000',NULL,NULL,'24 ~ 70'),(466,'Laki-laki',31,50,'TAHUN','14.0000','42.0000',NULL,NULL,'14 ~ 42'),(466,'Laki-laki',51,999,'TAHUN','14.0000','46.0000',NULL,NULL,'14 ~ 46'),(466,'Perempuan',0,50,'TAHUN','11.0000','43.0000',NULL,NULL,'11 ~ 43'),(466,'Perempuan',51,999,'TAHUN','15.0000','46.0000',NULL,NULL,'15 ~ 46'),(471,'Laki-laki',0,999,'TAHUN','0.0000','999.0000',86,NULL,'Negatif'),(471,'Perempuan',0,999,'TAHUN','0.0000','999.0000',86,NULL,'Negatif'),(472,'Laki-laki',0,999,'TAHUN','0.0000','999.0000',86,NULL,'Negatif'),(472,'Perempuan',0,999,'TAHUN','0.0000','999.0000',86,NULL,'Negatif'),(475,'Laki-laki',0,999,'TAHUN','0.0000','999.0000',86,NULL,'Negatif'),(475,'Perempuan',0,999,'TAHUN','0.0000','999.0000',86,NULL,'Negatif'),(476,'Laki-laki',0,999,'TAHUN','0.0000','195.0000',NULL,NULL,'<195'),(476,'Perempuan',0,999,'TAHUN','0.0000','195.0000',NULL,NULL,'<195'),(480,'Laki-laki',0,1,'BULAN','27.0000','40.0000',NULL,NULL,'27 ~ 40'),(480,'Laki-laki',0,1,'TAHUN','27.0000','41.0000',NULL,NULL,'27 ~ 41'),(480,'Laki-laki',1,999,'TAHUN','35.0000','45.0000',NULL,NULL,'35 ~ 45'),(480,'Perempuan',0,1,'BULAN','27.0000','40.0000',NULL,NULL,'27 ~ 40'),(480,'Perempuan',0,1,'TAHUN','27.0000','41.0000',NULL,NULL,'27 ~ 41'),(480,'Perempuan',1,999,'TAHUN','32.0000','42.0000',NULL,NULL,'32 ~ 42'),(484,'Laki-laki',0,999,'TAHUN','0.0000','999.0000',86,NULL,'Negatif'),(484,'Perempuan',0,999,'TAHUN','0.0000','999.0000',86,NULL,'Negatif'),(487,'Laki-laki',0,999,'TAHUN','9.0000','13.0000',NULL,NULL,'9 ~ 13'),(487,'Perempuan',0,999,'TAHUN','9.0000','13.0000',NULL,NULL,'9 ~ 13'),(494,'Laki-laki',0,999,'TAHUN','7.3400','7.4400',NULL,NULL,'7.34 ~ 7.44'),(494,'Perempuan',0,999,'TAHUN','7.3500','7.4500',NULL,NULL,'7.35 ~ 7.45'),(495,'Laki-laki',0,999,'TAHUN','7.3200','7.4200',NULL,NULL,'7.32 ~ 7.42'),(495,'Perempuan',0,999,'TAHUN','7.3200','7.4200',NULL,NULL,'7.32 ~ 7.42'),(496,'Laki-laki',0,999,'TAHUN','1.5000','4.0000',NULL,NULL,'1.5 ~ 4.0'),(496,'Perempuan',0,999,'TAHUN','1.5000','4.0000',NULL,NULL,'1.5 ~ 4.0'),(499,'Laki-laki',0,999,'TAHUN','4.8000','7.5000',NULL,NULL,'4.8 ~ 7.5'),(499,'Perempuan',0,999,'TAHUN','4.8000','7.5000',NULL,NULL,'4.8 ~ 7.5'),(502,'Laki-laki',0,999,'TAHUN','100.0000','250.0000',NULL,NULL,'100 ~ 250'),(502,'Perempuan',0,999,'TAHUN','100.0000','250.0000',NULL,NULL,'100 ~ 250'),(503,'Laki-laki',0,999,'TAHUN','2.0000','4.0000',NULL,NULL,'2 ~ 4'),(503,'Perempuan',0,999,'TAHUN','2.0000','4.0000',NULL,NULL,'2 ~ 4'),(505,'Laki-laki',0,999,'TAHUN','0.0000','999.0000',86,NULL,'Negatif'),(505,'Perempuan',0,999,'TAHUN','0.0000','999.0000',86,NULL,'Negatif'),(507,'Laki-laki',0,999,'TAHUN','100.0000','1000.0000',NULL,NULL,'100-1000'),(507,'Perempuan',0,999,'TAHUN','100.0000','1000.0000',NULL,NULL,'100-1000'),(508,'Laki-laki',0,999,'TAHUN','0.0000','3.5000',NULL,NULL,'0 ~ 3.5'),(508,'Perempuan',0,999,'TAHUN','0.0000','3.5000',NULL,NULL,'0 ~ 3.5'),(512,'Laki-laki',0,1,'BULAN','60.0000','70.0000',NULL,NULL,'60 ~ 70'),(512,'Laki-laki',0,1,'TAHUN','83.0000','108.0000',NULL,NULL,'83~ 108'),(512,'Laki-laki',1,999,'TAHUN','69.0000','116.0000',NULL,NULL,'69 ~ 116'),(512,'Perempuan',0,1,'BULAN','60.0000','70.0000',NULL,NULL,'60 ~ 70'),(512,'Perempuan',0,1,'TAHUN','83.0000','108.0000',NULL,NULL,'83 ~ 108'),(512,'Perempuan',1,999,'TAHUN','80.0000','108.0000',NULL,NULL,'80 ~ 108'),(513,'Laki-laki',0,999,'TAHUN','25.0000','40.0000',NULL,NULL,'25 ~ 40'),(513,'Perempuan',0,999,'TAHUN','25.0000','40.0000',NULL,NULL,'25 ~ 40'),(518,'Laki-laki',0,999,'TAHUN','0.0000','999.0000',190,'','Steril'),(518,'Perempuan',0,999,'TAHUN','0.0000','999.0000',190,'','Steril'),(520,'Laki-laki',0,999,'TAHUN','0.0000','999.0000',190,NULL,'Steril'),(520,'Perempuan',0,999,'TAHUN','0.0000','999.0000',190,NULL,'Steril'),(522,'Laki-laki',0,999,'TAHUN','0.0000','999.0000',86,NULL,'Negatif'),(522,'Perempuan',0,999,'TAHUN','0.0000','999.0000',86,NULL,'Negatif'),(526,'Laki-laki',0,999,'TAHUN','0.0000','999.0000',NULL,'Wanita\r\n  -Folikular      : 0.1-0.54\r\n  -Luteal          :1.7-27\r\n  -Menopouse :<0.41\r\n  -Ovulasi        :0.25-6.22\r\n  -Post Menopousal :0.1-0.8\r\n  -Hamil trimesterI    : 9.3-33.2\r\n  -Hamil trimester II  :29.5-50\r\n  -Hamil trimester III :83.1-160\r\nPria                 :0.2-1.4','MRR'),(526,'Perempuan',0,999,'TAHUN','0.0000','999.0000',NULL,'Wanita\r\n  -Folikular      : 0.1-0.54\r\n  -Luteal          :1.7-27\r\n  -Menopouse :<0.41\r\n  -Ovulasi        :0.25-6.22\r\n  -Post Menopousal :0.1-0.8\r\n  -Hamil trimesterI    : 9.3-33.2\r\n  -Hamil trimester II  :29.5-50\r\n  -Hamil trimester III :83.1-160\r\nPria                 :0.2-1.4','MRR'),(527,'Laki-laki',0,999,'TAHUN','98.0000','456.0000',NULL,NULL,'98 ~ 456'),(527,'Perempuan',0,999,'TAHUN','127.0000','637.0000',NULL,NULL,'127 ~ 637'),(528,'Laki-laki',0,999,'TAHUN','1.9000','4.7000',NULL,NULL,'1.9 ~ 4.7'),(528,'Perempuan',0,999,'TAHUN','1.9000','4.7000',NULL,NULL,'1.9 ~ 4.7'),(529,'Laki-laki',0,999,'TAHUN','0.1000','1.1000',NULL,NULL,'0.1 ~ 1.1'),(529,'Perempuan',0,999,'TAHUN','0.1000','1.1000',NULL,NULL,'0.1 ~ 1.1'),(530,'Laki-laki',0,999,'TAHUN','0.0000','2.6000',NULL,NULL,'< 26'),(530,'Perempuan',0,999,'TAHUN','0.0000','2.6000',NULL,NULL,'< 26'),(531,'Laki-laki',0,999,'TAHUN','0.0000','999.0000',86,NULL,'Negatif'),(531,'Perempuan',0,999,'TAHUN','0.0000','999.0000',86,NULL,'Negatif'),(532,'Laki-laki',0,999,'TAHUN','65.0000','140.0000',NULL,NULL,'65 ~ 140'),(532,'Perempuan',0,999,'TAHUN','65.0000','140.0000',NULL,NULL,'65 ~ 140'),(533,'Laki-laki',0,999,'TAHUN','1.0000','2500.0000',NULL,NULL,'< 2500'),(533,'Perempuan',0,999,'TAHUN','1.0000','2500.0000',NULL,NULL,'< 2500'),(534,'Laki-laki',0,999,'TAHUN','15.0000','45.0000',NULL,NULL,'15 ~ 45'),(534,'Perempuan',0,999,'TAHUN','15.0000','45.0000',NULL,NULL,'15 ~ 45'),(536,'Laki-laki',0,999,'TAHUN','6.7000','8.7000',0,'','6.7 ~ 8.7'),(536,'Perempuan',0,999,'TAHUN','6.7000','8.7000',0,'','6.7 ~ 8.7'),(537,'Laki-laki',0,999,'TAHUN','0.0000','999.0000',86,NULL,'negatif'),(537,'Perempuan',0,999,'TAHUN','0.0000','999.0000',86,NULL,'negatif'),(538,'Laki-laki',0,999,'TAHUN','28.0000','141.0000',NULL,NULL,'28 ~ 141'),(538,'Perempuan',0,999,'TAHUN','28.0000','141.0000',NULL,NULL,'28 ~ 141'),(539,'Laki-laki',0,999,'TAHUN','0.0000','999.0000',86,NULL,'Negatif'),(539,'Perempuan',0,999,'TAHUN','0.0000','999.0000',86,NULL,'Negatif'),(540,'Laki-laki',0,999,'TAHUN','0.0000','3.9900',NULL,NULL,'< 4.0'),(540,'Perempuan',0,999,'TAHUN','0.0000','3.9900',NULL,NULL,'< 4.0'),(544,'Laki-laki',0,999,'TAHUN','0.0000','999.0000',NULL,NULL,'Negatif <6'),(544,'Perempuan',0,999,'TAHUN','0.0000','999.0000',NULL,NULL,'Negatif <6'),(546,'Laki-laki',0,999,'TAHUN','11.5000','14.5000',NULL,NULL,'11.5 ~ 14.5'),(546,'Perempuan',0,999,'TAHUN','11.5000','14.5000',NULL,NULL,'11.5 ~ 14.5'),(548,'Laki-laki',0,999,'TAHUN','0.0000','999.0000',86,NULL,'Negatif'),(548,'Perempuan',0,999,'TAHUN','0.0000','999.0000',86,NULL,'Negatif'),(553,'Laki-laki',0,999,'TAHUN','0.0000','999.0000',86,NULL,'Negatif'),(553,'Perempuan',0,999,'TAHUN','0.0000','999.0000',86,NULL,'Negatif'),(554,'Laki-laki',0,999,'TAHUN','0.3000','0.3400',NULL,NULL,'0.30 ~ 0.34'),(554,'Perempuan',0,999,'TAHUN','0.3000','0.3400',NULL,NULL,'0.30 ~ 0.34'),(555,'Laki-laki',0,999,'TAHUN','0.4000','0.4400',NULL,NULL,'0.40 ~ 0.44'),(555,'Perempuan',0,999,'TAHUN','0.4000','0.4400',NULL,NULL,'0.40 ~ 0.44'),(557,'Laki-laki',0,999,'TAHUN','0.0000','0.8000',NULL,NULL,'0 ~ 0.8'),(557,'Perempuan',0,999,'TAHUN','0.0000','0.8000',NULL,NULL,'0 ~ 0.8'),(558,'Laki-laki',0,999,'TAHUN','0.5000','1.5000',NULL,NULL,'0.5 ~ 1.5'),(558,'Perempuan',0,999,'TAHUN','0.5000','2.5000',NULL,NULL,'0.5 ~ 2.5'),(559,'Laki-laki',0,999,'TAHUN','50.0000','100.0000',NULL,NULL,'50 ~ 100'),(559,'Perempuan',0,999,'TAHUN','50.0000','100.0000',NULL,NULL,'50 ~ 100'),(560,'Laki-laki',0,999,'TAHUN','40.0000','60.0000',NULL,NULL,'40 ~ 60'),(560,'Perempuan',0,999,'TAHUN','40.0000','60.0000',NULL,NULL,'40 ~ 60'),(562,'Laki-laki',0,999,'TAHUN','0.0000','999.0000',86,NULL,'Negatif'),(562,'Perempuan',0,999,'TAHUN','0.0000','999.0000',86,NULL,'Negatif'),(563,'Laki-laki',0,999,'TAHUN','0.0000','999.0000',86,NULL,'Negatif'),(563,'Perempuan',0,999,'TAHUN','0.0000','999.0000',86,NULL,'Negatif'),(568,'Laki-laki',0,999,'TAHUN','0.0000','999.0000',86,NULL,'Negatif'),(568,'Perempuan',0,999,'TAHUN','0.0000','999.0000',86,NULL,'Negatif'),(569,'Laki-laki',0,999,'TAHUN','0.0000','999.0000',86,NULL,'Negatif'),(569,'Perempuan',0,999,'TAHUN','0.0000','999.0000',86,NULL,'Negatif'),(570,'Laki-laki',0,999,'TAHUN','0.0000','999.0000',86,NULL,'Negatif'),(570,'Perempuan',0,999,'TAHUN','0.0000','999.0000',86,NULL,'Negatif'),(571,'Laki-laki',0,999,'TAHUN','0.0000','999.0000',86,NULL,'Negatif'),(571,'Perempuan',0,999,'TAHUN','0.0000','999.0000',86,NULL,'Negatif'),(574,'Laki-laki',0,999,'TAHUN','0.0000','999.0000',86,NULL,'Negatif'),(574,'Perempuan',0,999,'TAHUN','0.0000','999.0000',86,NULL,'Negatif'),(575,'Laki-laki',0,999,'TAHUN','0.0000','999.0000',86,NULL,'Negatif'),(575,'Perempuan',0,999,'TAHUN','0.0000','999.0000',86,NULL,'Negatif'),(578,'Laki-laki',0,1,'BULAN','40.0000','90.0000',NULL,NULL,'40 ~ 90'),(578,'Laki-laki',1,999,'TAHUN','95.0000','98.0000',NULL,NULL,'95 ~ 98'),(578,'Perempuan',0,1,'BULAN','40.0000','90.0000',NULL,NULL,'40 ~ 90'),(578,'Perempuan',1,999,'TAHUN','95.0000','98.0000',NULL,NULL,'95 ~ 98'),(580,'Laki-laki',0,999,'TAHUN','0.0000','1.4990',NULL,NULL,'< 1.5'),(580,'Perempuan',0,999,'TAHUN','0.0000','1.4990',NULL,NULL,'< 1.5'),(581,'Laki-laki',0,999,'TAHUN','50.0000','70.0000',NULL,NULL,'50 ~ 70'),(581,'Perempuan',0,999,'TAHUN','50.0000','70.0000',NULL,NULL,'50 ~ 70'),(582,'Laki-laki',0,999,'TAHUN','40.0000','70.0000',NULL,NULL,'40 ~ 70'),(582,'Perempuan',0,999,'TAHUN','40.0000','70.0000',NULL,NULL,'40 ~ 70'),(583,'Laki-laki',0,999,'TAHUN','0.0000','999.0000',86,NULL,'Negatif'),(583,'Perempuan',0,999,'TAHUN','0.0000','999.0000',86,NULL,'Negatif'),(586,'Laki-laki',0,999,'TAHUN','0.0000','999.0000',86,NULL,'Negatif'),(586,'Perempuan',0,999,'TAHUN','0.0000','999.0000',86,NULL,'Negatif'),(587,'Laki-laki',0,999,'TAHUN','0.0000','999.0000',86,NULL,'Negatif'),(587,'Perempuan',0,999,'TAHUN','0.0000','999.0000',86,NULL,'Negatif'),(590,'Laki-laki',0,999,'TAHUN','0.0000','999.0000',86,NULL,'Negatif'),(590,'Perempuan',0,999,'TAHUN','0.0000','999.0000',86,NULL,'Negatif'),(591,'Laki-laki',0,999,'TAHUN','59.0000','158.0000',NULL,NULL,'59 ~ 158'),(591,'Perempuan',0,999,'TAHUN','37.0000','145.0000',NULL,NULL,'37 ~ 145'),(592,'Laki-laki',0,999,'TAHUN','20.0000','60.0000',NULL,NULL,'20 ~ 60'),(592,'Perempuan',0,999,'TAHUN','20.0000','60.0000',NULL,NULL,'20 ~ 60'),(593,'Laki-laki',0,999,'TAHUN','0.0000','999.0000',86,NULL,'Negatif'),(593,'Perempuan',0,999,'TAHUN','0.0000','999.0000',86,NULL,'Negatif'),(598,'Laki-laki',0,999,'TAHUN','2.0000','6.0000',NULL,NULL,'2 ~ 6'),(598,'Perempuan',0,999,'TAHUN','2.0000','6.0000',NULL,NULL,'2 ~ 6'),(599,'Laki-laki',0,999,'TAHUN','0.0000','999.0000',135,NULL,'Positif'),(599,'Perempuan',0,999,'TAHUN','0.0000','999.0000',135,NULL,'Positif'),(600,'Laki-laki',0,999,'TAHUN','0.0000','999.0000',86,NULL,'Negatif'),(600,'Perempuan',0,999,'TAHUN','0.0000','999.0000',86,NULL,'Negatif'),(605,'Laki-laki',0,999,'TAHUN','0.4500','1.3700',NULL,NULL,'0.45 ~ 1.37'),(605,'Perempuan',0,999,'TAHUN','0.4500','1.3700',NULL,NULL,'0.45 ~ 1.37'),(607,'Laki-laki',0,999,'TAHUN','4.5000','12.0000',NULL,NULL,'4.5 ~ 12'),(607,'Perempuan',0,999,'TAHUN','4.5000','12.0000',NULL,NULL,'4.5 ~ 12'),(614,'Laki-laki',0,1,'BULAN','13.0000','12.0000',NULL,NULL,'13 ~ 12'),(614,'Laki-laki',0,1,'TAHUN','20.0000','28.0000',NULL,NULL,'20 ~ 28'),(614,'Laki-laki',1,999,'TAHUN','22.0000','29.0000',NULL,NULL,'22 ~ 29'),(614,'Perempuan',0,1,'BULAN','13.0000','12.0000',NULL,NULL,'13 ~ 12'),(614,'Perempuan',0,1,'TAHUN','20.0000','28.0000',NULL,NULL,'20 ~ 28'),(614,'Perempuan',1,999,'TAHUN','22.0000','29.0000',NULL,NULL,'22 ~ 29'),(615,'Laki-laki',0,999,'TAHUN','25.0000','29.0000',NULL,NULL,'25 ~ 29'),(615,'Perempuan',0,999,'TAHUN','25.0000','29.0000',NULL,NULL,'25 ~ 29'),(617,'Laki-laki',0,999,'TAHUN','0.0000','999.0000',NULL,NULL,'120 /80'),(617,'Perempuan',0,999,'TAHUN','0.0000','999.0000',NULL,NULL,'120 /80'),(618,'Laki-laki',0,999,'TAHUN','0.0000','0.0000',86,NULL,'Negatif'),(618,'Perempuan',0,999,'TAHUN','0.0000','0.0000',86,NULL,'Negatif'),(619,'Laki-laki',0,999,'TAHUN','10.0000','20.0000',NULL,NULL,'10 - 20'),(619,'Perempuan',0,999,'TAHUN','10.0000','20.0000',NULL,NULL,'10 - 20'),(624,'Laki-laki',0,17,'TAHUN','26.0000','1110.0000',NULL,NULL,'26 ~ 1110'),(624,'Laki-laki',0,999,'TAHUN','280.0000','800.0000',NULL,NULL,'280 ~ 800'),(625,'Laki-laki',0,999,'TAHUN','0.0000','999.0000',86,NULL,'Negatif'),(625,'Perempuan',0,999,'TAHUN','0.0000','999.0000',86,NULL,'Negatif'),(627,'Laki-laki',0,999,'TAHUN','5.0000','10.0000',NULL,NULL,'5-10'),(627,'Perempuan',0,999,'TAHUN','5.0000','10.0000',NULL,NULL,'5-10'),(628,'Laki-laki',0,999,'TAHUN','2.0000','60.0000',NULL,NULL,'2.0-60.0'),(628,'Perempuan',0,999,'TAHUN','2.0000','60.0000',NULL,NULL,'2.0-60.0'),(629,'Laki-laki',0,999,'TAHUN','300.0000','400.0000',NULL,NULL,'300 ~ 400'),(629,'Perempuan',0,999,'TAHUN','250.0000','350.0000',NULL,NULL,'250 ~ 350'),(631,'Laki-laki',0,999,'TAHUN','0.0000','999.0000',86,NULL,'Negatif'),(631,'Perempuan',0,999,'TAHUN','0.0000','999.0000',86,NULL,'Negatif'),(634,'Laki-laki',0,999,'TAHUN','0.0000','999.0000',86,NULL,'Negatif'),(634,'Perempuan',0,999,'TAHUN','0.0000','999.0000',86,NULL,'Negatif'),(640,'Laki-laki',0,999,'TAHUN','10.0000','50.0000',NULL,NULL,'10 ~ 50'),(640,'Perempuan',0,999,'TAHUN','10.0000','50.0000',NULL,NULL,'10 ~ 50'),(646,'Laki-laki',0,999,'TAHUN','400.0000','1000.0000',NULL,NULL,'400~1000'),(646,'Perempuan',0,999,'TAHUN','400.0000','1000.0000',NULL,NULL,'400~1000'),(650,'Laki-laki',0,999,'TAHUN','0.0000','999.0000',86,NULL,'Negatif'),(650,'Perempuan',0,999,'TAHUN','0.0000','999.0000',86,NULL,'Negatif'),(651,'Laki-laki',0,999,'TAHUN','224.0000','406.0000',NULL,NULL,'224 ~ 406'),(651,'Perempuan',0,999,'TAHUN','224.0000','406.0000',NULL,NULL,'224 ~ 406'),(653,'Laki-laki',0,999,'TAHUN','0.0000','150.0000',0,'','< 150'),(653,'Perempuan',0,999,'TAHUN','0.0000','150.0000',0,'','< 150'),(654,'Laki-laki',0,999,'TAHUN','150.0000','450.0000',0,'','150 ~ 450'),(654,'Perempuan',0,999,'TAHUN','150.0000','450.0000',0,'','150 ~ 450'),(655,'Laki-laki',0,999,'TAHUN','70.0000','9999.0000',NULL,NULL,'> 70'),(655,'Perempuan',0,999,'TAHUN','70.0000','9999.0000',NULL,NULL,'> 70'),(656,'Laki-laki',0,999,'TAHUN','0.0000','0.0300',NULL,NULL,'0 ~ 0.03'),(656,'Perempuan',0,999,'TAHUN','0.0000','0.0300',NULL,NULL,'0 ~ 0.03'),(657,'Laki-laki',0,999,'TAHUN','0.4900','4.6700',NULL,NULL,'0.49 ~ 4.67'),(657,'Perempuan',0,999,'TAHUN','0.4900','4.6700',NULL,NULL,'0.49 ~ 4.67'),(658,'Laki-laki',0,999,'TAHUN','0.0000','3.0000',NULL,NULL,'0 ~ 3'),(658,'Perempuan',0,999,'TAHUN','0.0000','3.0000',NULL,NULL,'0 ~ 3'),(659,'Laki-laki',0,999,'TAHUN','0.0000','999.0000',86,NULL,'Negatif'),(659,'Perempuan',0,999,'TAHUN','0.0000','999.0000',86,NULL,'Negatif'),(660,'Laki-laki',0,999,'TAHUN','110.0000','370.0000',NULL,NULL,'110 ~ 370'),(660,'Perempuan',0,999,'TAHUN','110.0000','370.0000',NULL,NULL,'110 ~ 370'),(668,'Laki-laki',0,999,'TAHUN','0.0000','999.0000',19,NULL,'< 1'),(668,'Perempuan',0,999,'TAHUN','0.0000','999.0000',19,NULL,'< 1'),(669,'Laki-laki',0,999,'TAHUN','50.0000','100.0000',NULL,NULL,'50-100'),(669,'Perempuan',0,999,'TAHUN','50.0000','100.0000',NULL,NULL,'50-100'),(671,'Laki-laki',0,999,'TAHUN','3.5000','5.4000',NULL,NULL,'3.5 ~ 5.4'),(671,'Perempuan',0,999,'TAHUN','3.5000','5.4000',NULL,NULL,'3.5 ~ 5.4'),(672,'Laki-laki',0,999,'TAHUN','1.6800','2.1600',NULL,NULL,'1.68 ~ 2.16'),(672,'Perempuan',0,999,'TAHUN','1.6800','2.1600',NULL,NULL,'1.68 ~ 2.16'),(673,'Laki-laki',0,999,'TAHUN','1.4000','1.8000',NULL,NULL,'1.4 ~ 1.8'),(673,'Perempuan',0,999,'TAHUN','1.4000','1.8000',NULL,NULL,'1.4 ~ 1.8'),(676,'Laki-laki',0,999,'TAHUN','20.0000','80.0000',NULL,NULL,'20-80'),(676,'Perempuan',0,999,'TAHUN','20.0000','80.0000',NULL,NULL,'20-80'),(678,'Laki-laki',0,999,'TAHUN','5.0000','4.0000',NULL,NULL,'5 ~ 40'),(678,'Perempuan',0,999,'TAHUN','5.0000','4.0000',NULL,NULL,'5 ~ 40'),(679,'Laki-laki',0,999,'TAHUN','2.0000','8.0000',NULL,NULL,'2-8'),(679,'Perempuan',0,999,'TAHUN','2.0000','8.0000',NULL,NULL,'2-8'),(680,'Laki-laki',0,999,'TAHUN','250.0000','2400.0000',NULL,NULL,'250 ~ 2400'),(680,'Perempuan',0,999,'TAHUN','250.0000','2400.0000',NULL,NULL,'250 ~ 2400'),(683,'Laki-laki',0,999,'TAHUN','0.0000','999.0000',86,NULL,'Negatif'),(683,'Perempuan',0,999,'TAHUN','0.0000','999.0000',86,NULL,'Negatif'),(684,'Laki-laki',0,999,'TAHUN','0.0000','999.0000',86,NULL,'Negatif'),(684,'Perempuan',0,999,'TAHUN','0.0000','999.0000',86,NULL,'Negatif'),(685,'Laki-laki',0,999,'TAHUN','0.0000','999.0000',86,NULL,'Negatif'),(685,'Perempuan',0,999,'TAHUN','0.0000','999.0000',86,NULL,'Negatif'),(686,'Laki-laki',0,999,'TAHUN','0.0000','999.0000',86,NULL,'Negatif'),(686,'Perempuan',0,999,'TAHUN','0.0000','999.0000',86,NULL,'Negatif'),(689,'Laki-laki',0,999,'TAHUN','0.0000','999.0000',177,NULL,'PUTIH'),(689,'Perempuan',0,999,'TAHUN','0.0000','999.0000',177,NULL,'PUTIH'),(690,'Laki-laki',0,999,'TAHUN','0.0000','999.0000',74,NULL,'Kuning'),(690,'Perempuan',0,999,'TAHUN','0.0000','999.0000',74,NULL,'Kuning'),(691,'Laki-laki',0,999,'TAHUN','5.0000','10.0000',NULL,NULL,'5-10'),(691,'Perempuan',0,999,'TAHUN','5.0000','10.0000',NULL,NULL,'5-10'),(694,'Laki-laki',0,200,'TAHUN','0.0000','150.0000',0,'','<150'),(694,'Perempuan',0,200,'TAHUN','0.0000','150.0000',0,'','<150'),(698,'Laki-laki',0,200,'TAHUN','0.0000','36.9900',0,'','<37'),(698,'Perempuan',0,200,'TAHUN','0.0000','30.9900',0,'','<31');

/*Table structure for table `lab_nilaitext` */

DROP TABLE IF EXISTS `lab_nilaitext`;

CREATE TABLE `lab_nilaitext` (
  `idtext` int(11) NOT NULL,
  `kode` varchar(10) DEFAULT NULL,
  `nilaitext` varchar(50) DEFAULT NULL,
  PRIMARY KEY (`idtext`) USING BTREE,
  UNIQUE KEY `kode` (`kode`) USING BTREE
) ENGINE=InnoDB DEFAULT CHARSET=utf8 AVG_ROW_LENGTH=76;

/*Data for the table `lab_nilaitext` */

insert  into `lab_nilaitext`(`idtext`,`kode`,`nilaitext`) values (1,'SG0-1','0-1, Granula'),(2,'SH0-1','0-1, Hialin'),(3,'SG1-2','1-2, Granula'),(4,'SH1-2','1-2, Hialin'),(5,'S1-2','1-2, Silinder Granula'),(6,'DL160','1/160'),(7,'DL320','1/320'),(8,'DL640','1/640'),(9,'DL80','1/80'),(10,'S1000','1000 - 2000'),(11,'SG2-3','2-3, Granula'),(12,'SH2-3','2-3, Hialin'),(13,'S2000','2000 - 3000'),(14,'S3000','3000 - 5000'),(15,'SG4-6','4-6, Granula'),(16,'SH4-6','4-6, Hialin'),(17,'SG6-10','6-10, Granula'),(18,'SH6-10','6-10, Hialin'),(19,'<1','< 1'),(20,'>1000','>1000'),(21,'A','A'),(22,'AB','AB'),(23,'AC-1','Aceton +1'),(24,'AC-2','Aceton +2'),(25,'AC-3','Aceton +3'),(26,'AC-4','Aceton +4'),(27,'ADA','ada'),(28,'AE','Agak Encer'),(29,'AKRH','Agak Keruh'),(30,'AMOR','Amorf (+)'),(31,'AMPH','Amorf Fosfat (+)'),(32,'AMUR','Amorf Urat (+)'),(33,'ASAM','asam'),(34,'ASTZ','Asteno Terato Zoospermia'),(35,'ATZS','Asteno Zoospermia'),(36,'AZOS','Azoospermia'),(37,'B','B'),(38,'BAN','Banyak'),(39,'BASA','Basa'),(40,'BATAL','Batal'),(41,'SBBN','Bereaksi negatif'),(42,'SBBP','Bereaksi positif'),(43,'CAIR','Cair'),(44,'CKT','Coklat'),(45,'CKM','Coklat kemerahan'),(46,'DET','Detected'),(47,'EOAT','Ekstrim Oligo Asteno Terato'),(48,'EOAZ','Ekstrm Oligo Asteno Zoospermia'),(49,'EOTZ','Ekstrm Oligo Terato Zoospermia'),(50,'ENCR','Encer'),(51,'EQU','Equivocal'),(52,'GELAS','Gelas'),(53,'GRNC','Granular Cast (+)'),(54,'GZ','Grayzone'),(55,'HB3B','Hanya berlroot untuk 3 bulan'),(56,'HKULT','Hasil kultur terlampir'),(57,'RAGU','Hasil meragukan'),(58,'HD','HEMODIALISA'),(59,'HJU','Hijau'),(60,'HTM','Hitam'),(61,'HYLN','Hyalin (+)'),(62,'JRN','Jernih'),(63,'KOKS','Kalsium Oksalat (+)'),(64,'KTL','Kental'),(65,'KRS','Keras'),(66,'KRH','Keruh'),(67,'KHAS','Khas'),(68,'POSK','Kista (+)'),(69,'POSK2','kista (++)'),(70,'POSK3','Kista (+++)'),(71,'KONAN','Konsul Andrologi'),(72,'KRIZ','Kripto Zoospremia'),(73,'KULTD','Kultur tidak dilrootkan'),(74,'KNG','Kuning'),(75,'KNGK','Kuning keruh'),(76,'KNGT','Kuning tua'),(77,'LMB','Lembek'),(78,'LNGK','\nLengkap'),(79,'KOMENT','Lihat komentar'),(80,'LISIS','Lisis'),(81,'LUAR','Luar'),(82,'MASTUR','Masturbasi'),(83,'MMJ','Memanjang'),(84,'MYS','Menyusul'),(85,'MRH','Merah'),(86,'NEG','Negatif'),(87,'NEKZ','Nekro Zoospermia'),(88,'NORE','Non reaktif'),(89,'NDET','None detected'),(90,'NORM','Normal'),(91,'NORMS','Normo zoospermia'),(92,'O','O'),(93,'OAT','Oligo asteno trato zoospermia'),(94,'OLASTM','Oligo Asteno Zoospermia'),(95,'OTZS','Oligo Terato Zoospermia'),(96,'OLZS','Oligo Zoospermia'),(97,'MALNM','Parasit Malaria tak ditemukan'),(98,'PLZS','Poli Zoospermia'),(99,'P1AMO','Pos 1, Amorf'),(100,'P1SILE','Pos 1, Eritrosit'),(101,'P1FOS','Pos 1, Fosfat'),(102,'P1SILG','Pos 1, Granula'),(103,'P1SILH','Pos 1, Hialin'),(104,'P1SILL','Pos 1, Lekosit'),(105,'P1OXAL','Pos 1, Oxalat'),(106,'P1TFOS','Pos 1, Triple Phosphat'),(107,'P1URAT','Pos 1, Urat'),(108,'P2AMO','Pos 2, Amorf'),(109,'P2SILE','Pos 2, Eritrosit'),(110,'P2FOS','Pos 2, Fosfat'),(111,'P2SILG','Pos 2, Granula'),(112,'P2SILH','Pos 2, Hialin'),(113,'P2SI\nLL','Pos 2, Lekosit'),(114,'P2OXAL','Pos 2, Oxalat'),(115,'P2TFOS','Pos 2, Triple Phosphat'),(116,'P2URAT','Pos 2, Urat'),(117,'P3AMO','Pos 3, Amorf'),(118,'P3SILE','Pos 3, Eritrosit'),(119,'P3FOS','Pos 3, Fosfat'),(120,'P3SILG','Pos 3, Granula'),(121,'P3SILH','Pos 3, Hialin'),(122,'P3SILL','Pos 3, Lekosit'),(123,'P3OXAL','Pos 3, Oxalat'),(124,'P3TFOS','Pos 3, Triple Phosphat'),(125,'P3URAT','Pos 3, Urat'),(126,'P4AMO','Pos 4, Amorf'),(127,'P4SILE','Pos 4, Eritrosit'),(128,'P4FOS','Pos 4, Fosfat'),(129,'P4SILG','Pos 4, Granula'),(130,'P4SILH','Pos 4, Hialin'),(131,'P4SILL','Pos 4, Lekosit'),(132,'P4OXAL','Pos 4, Oxalat'),(133,'P4TFOS','Pos 4, Triple Phosphat'),(134,'P4URAT','Pos 4, Urat'),(135,'POS','Positif'),(136,'POS1','Positif 1'),(137,'POS2','Positif 2'),(138,'POS3','Positif 3'),(139,'POS4','Positif 4'),(140,'POS5','Positif 5'),(141,'POS6','Positif 6'),(142,'PANT','Positif, Antylostoma Duodenale'),(143,'PASC','Positif, Ascaris Lumbricoides'),(144,'PENT','Positif, Enterobius Vermicular'),(145,'SILE','Posi\ntif, Silinder Eritrosit'),(146,'SILG','Positif, Silinder Granula'),(147,'SILH','Positif, Silinder Hialin'),(148,'SILL','Positif, Silinder Lekosit'),(149,'PSTRO','Positif, Strongyloides Sterto.'),(150,'RF-4','Positif, titer 160'),(151,'AS-5','positif, titer 1600 IU/ml'),(152,'POS11','Positif, titer 1:1'),(153,'POS128','Positif, titer 1:128'),(154,'PO1280','Positif, titer 1:1280'),(155,'POS116','Positif, titer 1:16'),(156,'POS160','Positif, titer 1:160'),(157,'POS12','Positif, titer 1:2'),(158,'PO2560','Positif, titer 1:2560'),(159,'POS132','Positif, titer 1:32'),(160,'POS320','Positif, titer 1:320'),(161,'POS14','Positif, titer 1:4'),(162,'POS164','Positif, titer 1:64'),(163,'POS640','Positif, titer 1:640'),(164,'POS18','Positif, titer 1:8'),(165,'POS80','Positif, titer 1:80'),(166,'RF-1','Positif, titer 20'),(167,'AS-2','positif, titer 200 IU/ml'),(168,'RF-5','Positif, titer 320'),(169,'RF-2','Positif, titer 40'),(170,'AS-3','positif, titer 400 IU/ml'),(171,'RF-3','Positif, titer 80'),(172,'AS-4','positif, ti\nter 800 IU/ml'),(173,'AS-1','positif, titer <200 IU/ml'),(174,'PTRIC','Positif, Trichuris Trichiura'),(175,'PN','Presumtif negatif'),(176,'PP','Presumtif positif'),(177,'PTH','Putih'),(178,'REAC','Reaktif'),(179,'TINGGI','Resiko tinggi'),(180,'RR','RUANG PEMULIHAN'),(181,'SARAN','Saran: pemeriksaan ulang 3 bln'),(182,'EPIG','Sel Epitel Gepeng'),(183,'EPIT','Sel Epitel Tubuli'),(184,'SOATZ','Severe O.A.T'),(185,'SERI','Silinder Eritrosit (+)'),(186,'SLEK','Silinder Lekosit (+)'),(187,'SILN','Silinder Lilin (+)'),(188,'SPTL','Specimen datang terlambat'),(189,'SPANM','Sperma analisa'),(190,'STERL','Steril'),(191,'THSUS','Suspect Thalassemia'),(192,'TIDAK','Tdk ditemukan Bak.Tahan Asam'),(193,'TRZS','Terato Zoospermia'),(194,'TLP','Terlampir'),(195,'TEBAL','Tetes tebal'),(196,'THNEG','Thalassemia negatif'),(197,'THPOS','Thalassemia positif'),(198,'TADA','Tidak ada'),(199,'TAB','Tidak ada bahan'),(200,'TBAN','Tidak banyak'),(201,'TWN','Tidak berwarna'),(202,'TDKK','Tidak dikerjakan'),(203,'TDP','Tidak diperiksa ka\nrena lisis'),(204,'TAK','Tidak ditemukan'),(205,'TKHAS','Tidak Khas'),(206,'TDL','Tidak lengkap'),(207,'TNPK','Tidak nampak'),(208,'TKONS','Tidak perlu konsul'),(209,'TPS','Tipis'),(210,'TRPH','Triple Phospate (+)'),(211,'POST','Tropozoid (+)'),(212,'POST2','Tropozoid (++)'),(213,'URCD','Uric Acid (+)');

/*Table structure for table `lab_nilaitext_enum` */

DROP TABLE IF EXISTS `lab_nilaitext_enum`;

CREATE TABLE `lab_nilaitext_enum` (
  `iditem` int(11) NOT NULL,
  `idtext` int(11) NOT NULL,
  PRIMARY KEY (`iditem`,`idtext`) USING BTREE
) ENGINE=InnoDB DEFAULT CHARSET=utf8 AVG_ROW_LENGTH=36;

/*Data for the table `lab_nilaitext_enum` */

insert  into `lab_nilaitext_enum`(`iditem`,`idtext`) values (5,86),(5,135),(6,86),(6,135),(7,86),(7,135),(8,86),(8,135),(17,86),(17,135),(18,86),(18,135),(33,86),(33,135),(38,68),(38,69),(38,70),(38,86),(38,211),(38,212),(39,86),(39,135),(41,86),(41,135),(42,86),(42,135),(45,86),(45,135),(46,71),(46,208),(48,86),(48,135),(49,86),(49,135),(54,86),(54,135),(56,86),(56,135),(57,86),(57,135),(58,86),(58,135),(59,86),(59,135),(61,86),(61,135),(62,88),(62,178),(63,86),(63,135),(70,86),(70,135),(81,86),(81,135),(82,86),(82,135),(84,86),(84,135),(108,86),(108,135),(111,86),(111,151),(111,167),(111,170),(111,172),(111,173),(115,67),(118,86),(118,135),(123,86),(123,135),(141,86),(141,135),(141,137),(141,138),(153,86),(153,135),(154,82),(165,86),(165,135),(166,86),(166,135),(168,86),(168,135),(174,86),(174,135),(182,86),(182,135),(183,86),(183,135),(184,86),(184,135),(185,86),(185,136),(185,137),(185,138),(185,139),(186,38),(186,200),(188,86),(188,135),(189,86),(189,135),(190,86),(190,135),(220,86),(220,135),(230,86),(230,135),(247,86),(247,136),(247,137),(247,138),(248,86),(248,135),(250,21),(250,22),(250,37),(250,92),(255,86),(255,135),(268,86),(268,135),(269,86),(269,135),(270,86),(270,135),(271,86),(271,135),(276,46),(276,89),(278,86),(278,135),(285,86),(285,135),(292,86),(292,135),(293,86),(293,135),(294,86),(294,135),(300,86),(300,136),(300,137),(300,138),(300,139),(300,140),(300,141),(301,86),(301,136),(301,137),(301,138),(301,139),(301,140),(301,141),(305,86),(305,135),(306,86),(306,135),(315,86),(315,135),(316,86),(316,135),(323,86),(323,135),(324,86),(324,135),(330,10),(330,13),(330,14),(343,86),(343,135),(344,135),(345,29),(345,62),(345,66),(347,34),(347,35),(347,36),(347,47),(347,48),(347,49),(347,72),(347,87),(347,91),(347,93),(347,94),(347,95),(347,96),(347,98),(347,184),(347,193),(351,86),(351,136),(351,137),(351,138),(353,86),(353,135),(360,27),(360,198),(363,86),(363,135),(366,28),(366,43),(366,64),(366,65),(366,77),(372,30),(372,31),(372,32),(372,63),(372,86),(372,210),(372,213),(373,86),(373,135),(374,56),(374,73),(382,86),(382,135),(385,86),(385,135),(386,86),(386,135),(387,78),(387,206),(388,86),(388,135),(389,86),(389,135),(404,86),(404,135),(417,86),(417,135),(418,86),(418,135),(423,86),(423,135),(426,86),(426,135),(434,86),(434,135),(435,86),(435,135),(436,86),(436,135),(443,86),(443,135),(444,86),(444,135),(451,86),(451,135),(460,86),(460,135),(461,86),(461,135),(464,86),(464,135),(473,86),(473,135),(488,33),(488,39),(511,86),(511,135),(520,86),(520,135),(526,86),(526,135),(528,86),(528,136),(528,137),(528,138),(530,86),(530,135),(532,86),(532,135),(533,86),(533,135),(537,86),(537,136),(537,137),(537,138),(537,139),(550,86),(550,135),(551,86),(551,150),(551,166),(551,168),(551,169),(551,171),(552,86),(552,135),(554,58),(554,180),(557,6),(557,7),(557,8),(557,9),(557,86),(558,6),(558,7),(558,8),(558,9),(558,86),(559,6),(559,7),(559,8),(559,9),(559,86),(560,6),(560,7),(560,8),(560,9),(560,86),(561,6),(561,7),(561,8),(561,9),(561,86),(562,6),(562,7),(562,8),(562,9),(562,86),(563,6),(563,7),(563,8),(563,9),(563,86),(564,6),(564,7),(564,8),(564,9),(564,86),(572,86),(572,135),(574,86),(574,135),(575,86),(575,135),(576,86),(576,135),(577,86),(577,135),(578,86),(578,135),(581,53),(581,61),(581,86),(581,185),(581,186),(582,86),(582,135),(585,86),(585,135),(587,86),(587,135),(588,86),(588,135),(590,41),(590,42),(591,86),(591,135),(599,86),(599,135),(605,86),(605,135),(605,142),(605,143),(605,144),(605,149),(605,174),(608,86),(608,135),(609,86),(609,135),(612,86),(612,135),(613,86),(613,135),(618,86),(618,135),(621,86),(621,135),(622,86),(622,155),(623,86),(623,157),(624,86),(624,161),(625,86),(625,164),(637,86),(637,154),(637,156),(637,158),(637,160),(637,163),(637,165),(646,86),(646,135),(653,86),(653,135),(655,19),(655,136),(655,137),(655,138),(657,20),(657,86),(657,152),(657,153),(657,155),(657,157),(657,159),(657,161),(657,162),(657,164),(670,86),(670,135),(671,86),(671,135),(672,86),(672,135),(673,86),(673,135),(674,52),(675,45),(675,74),(675,85),(675,201),(676,85),(676,177),(677,44),(677,45),(677,59),(677,62),(677,66),(677,74),(677,75),(677,76),(677,85),(677,201);

/*Table structure for table `lab_pasienluar` */

DROP TABLE IF EXISTS `lab_pasienluar`;

CREATE TABLE `lab_pasienluar` (
  `notest` varchar(20) NOT NULL,
  `namapasien` varchar(50) DEFAULT NULL,
  `alamat` varchar(60) DEFAULT NULL,
  `jeniskelamin` enum('laki-laki','perempuan') DEFAULT NULL,
  `tgllahir` date DEFAULT NULL,
  PRIMARY KEY (`notest`) USING BTREE
) ENGINE=InnoDB DEFAULT CHARSET=utf8 AVG_ROW_LENGTH=4096;

/*Data for the table `lab_pasienluar` */

insert  into `lab_pasienluar`(`notest`,`namapasien`,`alamat`,`jeniskelamin`,`tgllahir`) values ('P00000001','Pasien 1','Kota A','laki-laki','2017-01-03'),('P00000002','Pasien 2','','','2017-01-03'),('P00000003','Pasien 3','Kota C','perempuan','2017-01-04'),('P00000004','Pasien 4, NY','KOta D','perempuan','2017-01-06'),('P00000005','Pasien 5','Kota E','perempuan','2017-01-05');

/*Table structure for table `lab_subgrup` */

DROP TABLE IF EXISTS `lab_subgrup`;

CREATE TABLE `lab_subgrup` (
  `idgrup` int(11) NOT NULL,
  `idsubgrup` int(11) NOT NULL AUTO_INCREMENT,
  `kodesubgrup` varchar(10) DEFAULT NULL,
  `subgrup` varchar(30) DEFAULT NULL,
  PRIMARY KEY (`idgrup`,`idsubgrup`) USING BTREE,
  UNIQUE KEY `kodesubgrup` (`kodesubgrup`) USING BTREE,
  KEY `idsubgrup` (`idsubgrup`) USING BTREE,
  CONSTRAINT `lab_subgrup_lab_grup` FOREIGN KEY (`idgrup`) REFERENCES `lab_grup` (`idgrup`) ON UPDATE CASCADE
) ENGINE=InnoDB AUTO_INCREMENT=20 DEFAULT CHARSET=utf8 AVG_ROW_LENGTH=910;

/*Data for the table `lab_subgrup` */

insert  into `lab_subgrup`(`idgrup`,`idsubgrup`,`kodesubgrup`,`subgrup`) values (2,6,'DHF','Dengue Blood'),(2,19,'WDL','Widal'),(4,3,'BGA','Analisa Gas Darah'),(6,2,'ABS','Jumlah Total Sel'),(6,8,'ELEK','Elektrolit'),(6,9,'FGIN','Fungsi Ginjal'),(6,10,'FLIV','Fungsi Liver'),(6,11,'GULA','Gula Darah'),(6,14,'LEMK','Profile Lemak'),(7,13,'KIMU','Kimia Urin'),(7,17,'MIKU','Mikroskopis Urin'),(8,4,'CBC','Jumlah Sel Darah'),(8,5,'COAG','Koagulasi'),(8,7,'DIFF','Differential'),(8,12,'IDX','Index'),(11,15,'MAKT',NULL),(11,16,'MIKF','Mikroskopis'),(11,18,'PCRF','Pencernaan');

/*Table structure for table `lab_test` */

DROP TABLE IF EXISTS `lab_test`;

CREATE TABLE `lab_test` (
  `notest` varchar(20) NOT NULL,
  `nodaftar` varchar(20) DEFAULT NULL,
  `norm` varchar(10) DEFAULT NULL,
  `tgltest` date DEFAULT NULL,
  `jam_test` time DEFAULT NULL,
  `jam_lahir` time DEFAULT NULL,
  `umur_tahun` int(11) DEFAULT NULL,
  `umur_bulan` int(11) DEFAULT NULL,
  `umur_hari` int(11) DEFAULT NULL,
  `umur_jam` int(11) DEFAULT NULL,
  `idkaryawan` int(11) DEFAULT NULL,
  `iddokter_periksa` varchar(20) DEFAULT NULL,
  `iddokter_kirim` varchar(20) DEFAULT NULL,
  `dokterluar` varchar(50) DEFAULT NULL,
  `statushasil` tinyint(1) DEFAULT '0',
  `iduser` int(11) DEFAULT NULL,
  `jenisrawat` enum('rawat jalan','rawat inap','pasien luar') DEFAULT 'rawat jalan',
  `cito` tinyint(1) DEFAULT '0',
  `kodepoli` varchar(5) DEFAULT NULL,
  `tgledit` timestamp NULL DEFAULT CURRENT_TIMESTAMP,
  `kodekamar` varchar(5) DEFAULT NULL,
  `tglambil` datetime DEFAULT NULL,
  `terbayar` tinyint(1) DEFAULT '0',
  PRIMARY KEY (`notest`) USING BTREE
) ENGINE=InnoDB DEFAULT CHARSET=utf8 AVG_ROW_LENGTH=131;

/*Data for the table `lab_test` */

/*Table structure for table `lab_testdetail` */

DROP TABLE IF EXISTS `lab_testdetail`;

CREATE TABLE `lab_testdetail` (
  `notest` varchar(20) NOT NULL,
  `iditemlab` int(11) NOT NULL COMMENT 'item lab profile atau single',
  `nourut` int(11) NOT NULL,
  `biaya` decimal(19,4) DEFAULT NULL,
  `idklaim` int(11) NOT NULL DEFAULT '0',
  PRIMARY KEY (`notest`,`iditemlab`) USING BTREE,
  CONSTRAINT `lab_testdetail_lab_test` FOREIGN KEY (`notest`) REFERENCES `lab_test` (`notest`) ON DELETE CASCADE ON UPDATE CASCADE
) ENGINE=InnoDB DEFAULT CHARSET=utf8 AVG_ROW_LENGTH=69;

/*Data for the table `lab_testdetail` */

/*Table structure for table `lab_testfile` */

DROP TABLE IF EXISTS `lab_testfile`;

CREATE TABLE `lab_testfile` (
  `notest` varchar(20) NOT NULL,
  `idfile` int(11) NOT NULL AUTO_INCREMENT,
  `namafile` varchar(50) DEFAULT NULL,
  `nama_field` varchar(230) DEFAULT NULL,
  `tgledit` timestamp NULL DEFAULT CURRENT_TIMESTAMP,
  PRIMARY KEY (`notest`,`idfile`) USING BTREE,
  KEY `idfile` (`idfile`) USING BTREE
) ENGINE=InnoDB DEFAULT CHARSET=utf8;

/*Data for the table `lab_testfile` */

/*Table structure for table `lab_testhasil` */

DROP TABLE IF EXISTS `lab_testhasil`;

CREATE TABLE `lab_testhasil` (
  `notest` varchar(20) NOT NULL,
  `iditemlab` int(11) NOT NULL COMMENT 'item lab single',
  `nourut` decimal(11,0) NOT NULL,
  `hasil_numeric` decimal(19,4) DEFAULT NULL,
  `hasil_idtext` int(11) DEFAULT NULL,
  `hasil_memo` text,
  `normal` tinyint(1) DEFAULT '1',
  `nilainormal` text,
  PRIMARY KEY (`notest`,`iditemlab`,`nourut`) USING BTREE
) ENGINE=InnoDB DEFAULT CHARSET=utf8 AVG_ROW_LENGTH=1489;

/*Data for the table `lab_testhasil` */

/*Table structure for table `lain_film` */

DROP TABLE IF EXISTS `lain_film`;

CREATE TABLE `lain_film` (
  `idfilm` int(11) NOT NULL AUTO_INCREMENT,
  `namafilm` varchar(20) DEFAULT NULL,
  `ukuran` int(11) DEFAULT '0',
  PRIMARY KEY (`idfilm`) USING BTREE
) ENGINE=InnoDB DEFAULT CHARSET=utf8 AVG_ROW_LENGTH=5461;

/*Data for the table `lain_film` */

/*Table structure for table `lain_grup` */

DROP TABLE IF EXISTS `lain_grup`;

CREATE TABLE `lain_grup` (
  `idgrup` int(11) NOT NULL AUTO_INCREMENT,
  `grup` varchar(30) CHARACTER SET latin1 DEFAULT NULL,
  PRIMARY KEY (`idgrup`) USING BTREE
) ENGINE=InnoDB DEFAULT CHARSET=utf8 AVG_ROW_LENGTH=5461;

/*Data for the table `lain_grup` */

/*Table structure for table `lain_itembiaya_rawatinap` */

DROP TABLE IF EXISTS `lain_itembiaya_rawatinap`;

CREATE TABLE `lain_itembiaya_rawatinap` (
  `iditemlain` int(11) NOT NULL,
  `kodekelas` varchar(2) NOT NULL,
  `biaya` decimal(19,4) DEFAULT '0.0000',
  PRIMARY KEY (`iditemlain`,`kodekelas`) USING BTREE,
  KEY `iditemlain` (`iditemlain`) USING BTREE,
  CONSTRAINT `lain_itembiaya_rawatinap_iditemlain` FOREIGN KEY (`iditemlain`) REFERENCES `lain_itempemeriksaan` (`iditemlain`) ON DELETE CASCADE
) ENGINE=InnoDB DEFAULT CHARSET=utf8 AVG_ROW_LENGTH=143;

/*Data for the table `lain_itembiaya_rawatinap` */

/*Table structure for table `lain_itempemeriksaan` */

DROP TABLE IF EXISTS `lain_itempemeriksaan`;

CREATE TABLE `lain_itempemeriksaan` (
  `iditemlain` int(11) NOT NULL AUTO_INCREMENT,
  `namaitem` varchar(50) CHARACTER SET latin1 DEFAULT NULL,
  `biaya_rawatjalan` decimal(19,4) DEFAULT '0.0000',
  `biaya_pasienluar` decimal(19,4) DEFAULT '0.0000',
  `idgrup` int(11) DEFAULT NULL,
  `dokterbaca_lk` text,
  `dokterbaca_pr` text,
  `tgledit` timestamp NULL DEFAULT CURRENT_TIMESTAMP,
  `idklaim` int(11) NOT NULL DEFAULT '0',
  PRIMARY KEY (`iditemlain`) USING BTREE
) ENGINE=InnoDB AUTO_INCREMENT=97 DEFAULT CHARSET=utf8 AVG_ROW_LENGTH=1328;

/*Data for the table `lain_itempemeriksaan` */

/*Table structure for table `lain_subgrup` */

DROP TABLE IF EXISTS `lain_subgrup`;

CREATE TABLE `lain_subgrup` (
  `idgrup` int(11) NOT NULL,
  `idsubgrup` int(11) NOT NULL AUTO_INCREMENT,
  `kodesubgrup` varchar(10) DEFAULT NULL,
  `subgrup` varchar(30) DEFAULT NULL,
  PRIMARY KEY (`idgrup`,`idsubgrup`) USING BTREE,
  UNIQUE KEY `kodesubgrup` (`kodesubgrup`) USING BTREE,
  KEY `idsubgrup` (`idsubgrup`) USING BTREE,
  CONSTRAINT `lain_subgrup_lain_grup` FOREIGN KEY (`idgrup`) REFERENCES `lain_grup` (`idgrup`) ON UPDATE CASCADE
) ENGINE=InnoDB AUTO_INCREMENT=20 DEFAULT CHARSET=utf8 AVG_ROW_LENGTH=910;

/*Data for the table `lain_subgrup` */

/*Table structure for table `lain_test` */

DROP TABLE IF EXISTS `lain_test`;

CREATE TABLE `lain_test` (
  `notest` varchar(20) NOT NULL,
  `nodaftar` varchar(20) DEFAULT NULL,
  `tgltest` datetime DEFAULT NULL,
  `norm` varchar(10) DEFAULT NULL,
  `idkaryawan` varchar(20) DEFAULT NULL,
  `iddokter_periksa` varchar(20) DEFAULT NULL,
  `iddokter_kirim` varchar(20) DEFAULT NULL,
  `dokterluar` varchar(50) DEFAULT NULL,
  `keterangan` text,
  `statushasil` tinyint(1) DEFAULT '0',
  `iduser` int(11) DEFAULT NULL,
  `jenisrawat` enum('rawat jalan','rawat inap','pasien luar') DEFAULT 'rawat jalan',
  `cito` tinyint(1) DEFAULT '0',
  `kodepoli` varchar(5) DEFAULT NULL,
  `tgledit` timestamp NULL DEFAULT CURRENT_TIMESTAMP,
  `kodekamar` varchar(5) DEFAULT NULL,
  `tglambil` datetime DEFAULT NULL,
  `terbayar` tinyint(1) DEFAULT '0',
  `diagnosa` text,
  PRIMARY KEY (`notest`) USING BTREE
) ENGINE=InnoDB DEFAULT CHARSET=utf8 AVG_ROW_LENGTH=115;

/*Data for the table `lain_test` */

/*Table structure for table `lain_testdetail` */

DROP TABLE IF EXISTS `lain_testdetail`;

CREATE TABLE `lain_testdetail` (
  `notest` varchar(20) NOT NULL,
  `iditemlain` int(11) NOT NULL,
  `nourut` int(11) NOT NULL,
  `biaya` decimal(19,4) DEFAULT NULL,
  `dokterbaca` text,
  `kilovolt` decimal(19,4) DEFAULT '0.0000',
  `milliamperesecond` decimal(19,4) DEFAULT '0.0000',
  `expose` int(11) DEFAULT '0',
  `idklaim` int(11) NOT NULL DEFAULT '0',
  PRIMARY KEY (`notest`,`iditemlain`,`nourut`) USING BTREE
) ENGINE=InnoDB DEFAULT CHARSET=utf8 AVG_ROW_LENGTH=328;

/*Data for the table `lain_testdetail` */

/*Table structure for table `lain_testfile` */

DROP TABLE IF EXISTS `lain_testfile`;

CREATE TABLE `lain_testfile` (
  `notest` varchar(20) NOT NULL,
  `idfile` int(11) NOT NULL AUTO_INCREMENT,
  `namafile` varchar(50) DEFAULT NULL,
  `nama_field` varchar(230) DEFAULT NULL,
  `tgledit` timestamp NULL DEFAULT CURRENT_TIMESTAMP,
  PRIMARY KEY (`notest`,`idfile`) USING BTREE,
  KEY `idfile` (`idfile`) USING BTREE
) ENGINE=InnoDB AUTO_INCREMENT=7 DEFAULT CHARSET=utf8;

/*Data for the table `lain_testfile` */

/*Table structure for table `lain_testfilm` */

DROP TABLE IF EXISTS `lain_testfilm`;

CREATE TABLE `lain_testfilm` (
  `notest` varchar(20) NOT NULL,
  `iditemlain` int(11) NOT NULL,
  `idfilm` int(11) NOT NULL,
  `digunakan` int(11) DEFAULT '0',
  `ditolak` int(11) DEFAULT '0',
  PRIMARY KEY (`notest`,`iditemlain`,`idfilm`) USING BTREE
) ENGINE=InnoDB DEFAULT CHARSET=utf8 AVG_ROW_LENGTH=74;

/*Data for the table `lain_testfilm` */

/*Table structure for table `lokasi` */

DROP TABLE IF EXISTS `lokasi`;

CREATE TABLE `lokasi` (
  `idlokasi` int(11) NOT NULL,
  `lokasi_kode` varchar(50) NOT NULL DEFAULT '',
  `lokasi_nama` varchar(100) NOT NULL DEFAULT '',
  `lokasi_propinsi` int(2) NOT NULL,
  `lokasi_kabupatenkota` int(2) unsigned zerofill NOT NULL,
  PRIMARY KEY (`idlokasi`) USING BTREE,
  KEY `lokasi_kode` (`lokasi_kode`) USING BTREE,
  KEY `lokasi_propinsi` (`lokasi_propinsi`) USING BTREE,
  KEY `lokasi_kabupatenkota` (`lokasi_kabupatenkota`) USING BTREE
) ENGINE=InnoDB DEFAULT CHARSET=utf8 AVG_ROW_LENGTH=151;

/*Data for the table `lokasi` */

insert  into `lokasi`(`idlokasi`,`lokasi_kode`,`lokasi_nama`,`lokasi_propinsi`,`lokasi_kabupatenkota`) values (1,'11.00.00.0000','Nanggroe Aceh Darussalaam',11,00),(2,'12.00.00.0000','Sumatra Utara',12,00),(3,'13.00.00.0000','Sumatra Barat',13,00),(4,'14.00.00.0000','Riau',14,00),(5,'15.00.00.0000','Jambi',15,00),(6,'16.00.00.0000','Sumatra Selatan',16,00),(7,'17.00.00.0000','Bengkulu',17,00),(8,'18.00.00.0000','Lampung',18,00),(9,'19.00.00.0000','Kep. Bangka Belitung',19,00),(10,'21.00.00.0000','Kep. Riau',21,00),(11,'31.00.00.0000','DKI Jakarta',31,00),(12,'32.00.00.0000','Jawa Barat',32,00),(13,'33.00.00.0000','Jawa Tengah',33,00),(14,'34.00.00.0000','DI Yogyakarta',34,00),(15,'35.00.00.0000','Jawa Timur',35,00),(16,'36.00.00.0000','Banten',36,00),(17,'51.00.00.0000','Bali',51,00),(18,'52.00.00.0000','Nusa Tenggara Barat',52,00),(19,'53.00.00.0000','Nusa Tenggara Timur',53,00),(20,'61.00.00.0000','Kalimantan Barat',61,00),(21,'62.00.00.0000','Kalimantan Tengah',62,00),(22,'63.00.00.0000','Kalimantan Selatan',63,00),(23,'64.00.00.0000','Kalimantan Timur',64,00),(24,'71.00.00.0000','Sulawesi Utara',71,00),(25,'72.00.00.0000','Sulawesi Tengah',72,00),(26,'73.00.00.0000','Sulawesi Selatan',73,00),(27,'74.00.00.0000','Sulawesi Tenggara',74,00),(28,'75.00.00.0000','Gorontalo',75,00),(29,'81.00.00.0000','Maluku',81,00),(30,'82.00.00.0000','Maluku Utara',82,00),(31,'91.00.00.0000','Papua',91,00),(32,'92.00.00.0000','Irian Jaya Barat',92,00),(33,'91.14.00.0000','KABUPATEN  KEEROM',91,14),(34,'91.15.00.0000','KABUPATEN  SORONG SELATAN',91,15),(35,'91.16.00.0000','KABUPATEN  RAJA AMPAT',91,16),(36,'91.17.00.0000','KABUPATEN  PEGUNUNGAN BINTANG',91,17),(37,'91.18.00.0000','KABUPATEN YAHUKIMO  ',91,18),(38,'91.19.00.0000','KABUPATEN  TOLIKARA',91,19),(39,'91.21.00.0000','KABUPATEN  KAIMANA',91,21),(40,'91.22.00.0000','KABUPATEN  BOVEN DIGUL',91,22),(41,'91.23.00.0000','KABUPATEN  MAPPI',91,23),(42,'91.24.00.0000','KABUPATEN  ASMAT',91,24),(43,'91.25.00.0000','KABUPATEN SUPIORI',91,25),(44,'91.26.00.0000','KABUPATEN  TELUK WONDAMA',91,26),(45,'91.71.00.0000','KOTA JAYAPURA',91,71),(46,'91.72.00.0000','KOTA  SORONG ',91,72),(47,'14.01.00.0000','KABUPATEN KAMPAR',14,01),(48,'14.02.00.0000','KABUPATEN INDRAGIRI HULU',14,02),(49,'14.03.00.0000','KABUPATEN BENGKALIS',14,03),(50,'14.04.00.0000','KABUPATEN INDRAGIRI HILIR',14,04),(51,'14.05.00.0000','KABUPATEN PELALAWAN',14,05),(52,'14.06.00.0000','KABUPATEN ROKAN HULU',14,06),(53,'14.07.00.0000','KABUPATEN ROKAN HILIR',14,07),(54,'14.08.00.0000','KABUPATEN SIAK',14,08),(55,'14.09.00.0000','KABUPATEN KUANTAN SINGINGI',14,09),(56,'14.71.00.0000','KOTA PEKANBARU',14,71),(57,'14.72.00.0000','KOTA DUMAI',14,72),(58,'36.71.00.0000','KOTA TANGGERANG',36,71),(59,'36.72.00.0000','KOTA  CILEGON',36,72),(60,'63.01.00.0000','KABUPATEN TANAH LAUT',63,01),(61,'63.02.00.0000','KABUPATEN KOTA BARU',63,02),(62,'63.03.00.0000','KABUPATEN BANJAR',63,03),(63,'63.04.00.0000','KABUPATEN BARITO KUALA',63,04),(64,'63.05.00.0000','KABUPATEN TAPIN',63,05),(65,'63.06.00.0000','KABUPATEN HULU SUNGAI SELATAN',63,06),(66,'63.07.00.0000','KABUPATEN HULU SUNGAI TENGAH',63,07),(67,'63.08.00.0000','KABUPATEN HULU SUNGAI UTARA',63,08),(68,'63.09.00.0000','KABUPATEN TABALONG',63,09),(69,'63.10.00.0000','KABUPATEN TANAH BUMBU',63,10),(70,'63.11.00.0000','KABUPATEN BALANGAN',63,11),(71,'63.71.00.0000','KOTA BANJARMASIN',63,71),(72,'63.72.00.0000','KOTA BANJAR BARU',63,72),(73,'62.01.00.0000','KABUPATEN KOTA WARINGIN BARAT',62,01),(74,'62.02.00.0000','KABUPATEN KOTA WARINGIN TIMUR',62,02),(75,'62.03.00.0000','KABUPATEN KAPUAS',62,03),(76,'62.04.00.0000','KABUPATEN BARITO SELATAN',62,04),(77,'62.05.00.0000','KABUPATEN BARITO UTARA',62,05),(78,'62.06.00.0000','KABUPATEN KATINGAN',62,06),(79,'62.07.00.0000','KABUPATEN SERUYAN',62,07),(80,'62.08.00.0000','KABUPATEN SUKAMARA',62,08),(81,'62.09.00.0000','KABUPATEN LAMANDAU',62,09),(82,'62.10.00.0000','KABUPATEN GUNUNG MAS',62,10),(83,'62.11.00.0000','KABUPATEN PULANG PISAU',62,11),(84,'62.12.00.0000','KABUPATEN  MURUNG RAYA',62,12),(85,'62.13.00.0000','KABUPATEN  BARITO TIMUR',62,13),(86,'62.71.00.0000','KOTA PALANGKARAYA',62,71),(87,'18.01.00.0000','KABUPATEN LAMPUNG SELATAN',18,01),(88,'18.02.00.0000','KABUPATEN LAMPUNG TENGAH',18,02),(89,'18.03.00.0000','KABUPATEN LAMPUNG UTARA',18,03),(90,'18.04.00.0000','KABUPATEN LAMPUNG BARAT',18,04),(91,'18.05.00.0000','KABUPATEN TULANG BAWANG',18,05),(92,'18.06.00.0000','KABUPATEN TANGGAMUS',18,06),(93,'18.07.00.0000','KABUPATEN LAMPUNG TIMUR',18,07),(94,'18.08.00.0000','KABUPATEN WAY KANAN',18,08),(95,'18.71.00.0000','KOTA BANDAR LAMPUNG',18,71),(96,'18.72.00.0000','KOTA METRO',18,72),(97,'73.01.00.0000','KABUPATEN SELAYAR',73,01),(98,'73.02.00.0000','KABUPATEN BULUKUMBA',73,02),(99,'73.03.00.0000','KABUPATEN BANTAENG',73,03),(100,'73.04.00.0000','KABUPATEN JENEPONTO',73,04),(101,'73.05.00.0000','KABUPATEN TAKALAR',73,05),(102,'73.06.00.0000','KABUPATEN GOWA',73,06),(103,'73.07.00.0000','KABUPATEN SINJAI',73,07),(104,'71.01.00.0000','KAB. BOLOANG MONGONDOW',71,01),(105,'71.02.00.0000','KAB. MINAHASA',71,02),(106,'71.03.00.0000','KAB. KEPULAUAN SANGIHE',71,03),(107,'71.04.00.0000','KAB. KEPULAUAN TALAUD',71,04),(108,'71.05.00.0000','KAB. MINAHASA SELATAN',71,05),(109,'71.71.00.0000','KOTA MANADO',71,71),(110,'71.72.00.0000','KOTA BITUNG',71,72),(111,'71.73.00.0000','KOTA TOMOHON',71,73),(112,'13.02.00.0000','KABUPATEN SOLOK',13,02),(113,'36.02.00.0000','KABUPATEN LEBAK',36,02),(114,'36.03.00.0000','KABUPATEN TANGGERANG',36,03),(115,'36.04.00.0000','KABUPATEN SERANG',36,04),(116,'36.05.00.0000','KOTA TANGGERANG',36,05),(117,'36.06.00.0000','KOTA  CILEGON',36,06),(118,'82.01.00.0000','KABUPATEN MALUKU UTARA',82,01),(119,'36.01.00.0000','KABUPATEN PANDEGLANG',36,01),(120,'17.01.00.0000','KABUPATEN BENGKULU SELATAN',17,01),(121,'17.02.00.0000','KABUPATEN REJANG LEBONG',17,02),(122,'17.03.00.0000','KABUPATEN BENGKULU UTARA',17,03),(123,'17.04.00.0000','KABUPATEN  MUKOMUKO',17,04),(124,'17.05.00.0000','KABUPATEN   SELUMA',17,05),(125,'17.06.00.0000','KABUPATEN   KAUR',17,06),(126,'17.07.00.0000','KABUPATEN LEBONG',17,07),(127,'17.08.00.0000','KABUPATEN KEPAHIANG',17,08),(128,'17.71.00.0000','KOTA BENGKULU',17,71),(129,'34.01.00.0000','KABUPATEN KULONPROGO',34,01),(130,'34.02.00.0000','KABUPATEN BANTUL',34,02),(131,'34.03.00.0000','KABUPATEN GUNUNG KIDUL',34,03),(132,'34.04.00.0000','KABUPATEN SLEMAN',34,04),(133,'34.71.00.0000','KOTA YOGYAKARTA',34,71),(134,'31.71.00.0000','KOTA JAKARTA PUSAT',31,71),(135,'31.72.00.0000','KOTA JAKARTA UTARA',31,72),(136,'31.73.00.0000','KOTA JAKARTA BARAT',31,73),(137,'31.74.00.0000','KOTA JAKARTA SELATAN',31,74),(138,'31.75.00.0000','KOTA JAKARTA TIMUR',31,75),(139,'31.76.00.0000','KABUPATEN KEPULAUAN SERIBU',31,76),(140,'75.01.00.0000','KABUPATEN GORONTALO',75,01),(141,'75.02.00.0000','KABUPATEN BOALEMO',75,02),(142,'75.03.00.0000','KABUPATEN BONE BOLANGO',75,03),(143,'75.04.00.0000','KABUPATEN POHUWATO',75,04),(144,'75.71.00.0000','KOTA GORONTALO',75,71),(145,'92.05.00.0000','KABUPATEN  FAK FAK ',92,05),(146,'92.06.00.0000','KABUPATEN  SORONG ',92,06),(147,'92.07.00.0000','KABUPATEN  MANOKWARI',92,07),(148,'92.15.00.0000','KABUPATEN  SORONG SELATAN',92,15),(149,'92.16.00.0000','KABUPATEN  RAJA AMPAT',92,16),(150,'92.21.00.0000','KABUPATEN  KAIMANA',92,21),(151,'92.25.00.0000','KABUPATEN  TELUK BINTUNI',92,25),(152,'92.26.00.0000','KABUPATEN  TELUK WONDAMA',92,26),(153,'92.72.00.0000','KOTA  SORONG ',92,72),(154,'32.01.00.0000','KABUPATEN BOGOR',32,01),(155,'32.02.00.0000','KABUPATEN SUKABUMI',32,02),(156,'32.03.00.0000','KABUPATEN CIANJUR',32,03),(157,'32.04.00.0000','KABUPATEN BANDUNG',32,04),(158,'32.05.00.0000','KABUPATEN GARUT',32,05),(159,'32.06.00.0000','KABUPATEN TASIKMALAYA',32,06),(160,'32.07.00.0000','KABUPATEN CIAMIS',32,07),(161,'32.08.00.0000','KABUPATEN KUNINGAN',32,08),(162,'32.09.00.0000','KABUPATEN CIREBON',32,09),(163,'32.10.00.0000','KABUPATEN MAJALENGKA',32,10),(164,'32.11.00.0000','KABUPATEN SUMEDANG',32,11),(165,'32.12.00.0000','KABUPATEN INDRAMAYU',32,12),(166,'32.13.00.0000','KABUPATEN SUBANG',32,13),(167,'32.14.00.0000','KABUPATEN PURWAKARTA',32,14),(168,'32.15.00.0000','KABUPATEN KARAWANG',32,15),(169,'32.16.00.0000','KABUPATEN BEKASI',32,16),(170,'32.71.00.0000','KOTA BOGOR',32,71),(171,'32.72.00.0000','KOTA SUKABUMI',32,72),(172,'32.73.00.0000','KOTA BANDUNG',32,73),(173,'32.74.00.0000','KOTA CIREBON',32,74),(174,'32.75.00.0000','KOTA BEKASI',32,75),(175,'32.76.00.0000','KOTA DEPOK',32,76),(176,'32.77.00.0000','KOTA CIMAHI',32,77),(177,'32.78.00.0000','KOTA TASIKMALAYA',32,78),(178,'32.79.00.0000','KOTA BANJAR',32,79),(179,'19.01.00.0000','KABUPATEN  BANGKA',19,01),(180,'19.02.00.0000','KABUPATEN  BELITUNG',19,02),(181,'19.03.00.0000','KABUPATEN  BANGKA SELATAN',19,03),(182,'19.04.00.0000','KABUPATEN  BANGKA TENGAH',19,04),(183,'19.05.00.0000','KABUPATEN BANGKA BARAT',19,05),(184,'19.06.00.0000','KABUPATEN BELITUNG TIMUR',19,06),(185,'19.71.00.0000','KOTA PANGKALPINANG',19,71),(186,'82.02.00.0000','KABUPATEN HALMAHERA TENGAH',82,02),(187,'82.03.00.0000','KABUPATEN HALMAHERA UTARA',82,03),(188,'82.04.00.0000','KABUPATEN HALMAHERA SELATAN',82,04),(189,'82.05.00.0000','KABUPATEN KEPULAUAN SULA',82,05),(190,'82.06.00.0000','KABUPATEN HALMAHERA TIMUR',82,06),(191,'82.07.00.0000','KOTA TIDORE KEPULAUAN',82,07),(192,'82.71.00.0000','KOTA TERNATE',82,71),(193,'52.01.00.0000','KABUPATEN LOMBOK BARAT',52,01),(194,'52.02.00.0000','KABUPATEN LOMBOK TENGAH',52,02),(195,'52.03.00.0000','KABUPATEN LOMBOK TIMUR',52,03),(196,'52.04.00.0000','KABUPATEN SUMBAWA',52,04),(197,'52.05.00.0000','KABUPATEN DOMPU',52,05),(198,'52.06.00.0000','KABUPATEN  BIMA',52,06),(199,'52.07.00.0000','KABUPATEN SUMBAWA BARAT',52,07),(200,'52.71.00.0000','KOTA MATARAM',52,71),(201,'52.72.00.0000','KOTA  BIMA',52,72),(202,'53.01.00.0000','KABUPATEN KUPANG',53,01),(203,'53.02.00.0000','KABUPATEN TIMOR TENGAH SELATAN',53,02),(204,'53.03.00.0000','KABUPATEN TIMOR TENGAH  UTARA',53,03),(205,'53.04.00.0000','KABUPATEN  B E L U',53,04),(206,'53.05.00.0000','KABUPATEN  ALOR',53,05),(207,'53.06.00.0000','KABUPATEN  FLORES TIMUR',53,06),(208,'53.07.00.0000','KABUPATEN  SIKKA',53,07),(209,'53.08.00.0000','KABUPATEN  ENDE',53,08),(210,'53.09.00.0000','KABUPATEN  NGADA',53,09),(211,'53.10.00.0000','KABUPATEN  MANGGARAI',53,10),(212,'53.11.00.0000','KABUPATEN  SUMBA TIMUR',53,11),(213,'53.12.00.0000','KABUPATEN  SUMBA BARAT',53,12),(214,'53.13.00.0000','KABUPATEN  LEMBATA.',53,13),(215,'53.14.00.0000','KABUPATEN  ROTE NDAO',53,14),(216,'53.15.00.0000','KABUPATEN  MANGGARAI BARAT',53,15),(217,'53.71.00.0000','KOTA KUPANG',53,71),(218,'74.01.00.0000','KABUPATEN KOLAKA',74,01),(219,'74.02.00.0000','KABUPATEN KENDARI',74,02),(220,'74.03.00.0000','KABUPATEN MUNA',74,03),(221,'74.04.00.0000','KABUPATEN BUTON',74,04),(222,'74.05.00.0000','KABUPATEN KONAWE SELATAN',74,05),(223,'74.71.00.0000','KOTA KENDARI',74,71),(224,'74.72.00.0000','KOTA BAU BAU',74,72),(225,'74.08.00.0000','KABUPATEN KOLAKA TIMUR',74,08),(226,'74.06.00.0000','KABUPATEN BOMBANA',74,06),(227,'74.07.00.0000','KABUPATEN WAKATOBI',74,07),(228,'51.01.00.0000','KABUPATEN JEMBRANA',51,01),(229,'51.02.00.0000','KABUPATEN TABANAN',51,02),(230,'51.03.00.0000','KABUPATEN BADUNG',51,03),(231,'51.04.00.0000','KABUPATEN GIANYAR',51,04),(232,'51.05.00.0000','KABUPATEN KLUNGKUNG',51,05),(233,'51.06.00.0000','KABUPATEN BANGLI',51,06),(234,'51.07.00.0000','KABUPATEN KARANG ASEM',51,07),(235,'51.08.00.0000','KABUPATEN BULELENG',51,08),(236,'51.71.00.0000','KOTA DENPASAR',51,71),(237,'15.01.00.0000','KABUPATEN KERINCI',15,01),(238,'15.02.00.0000','KABUPATEN  MERANGIN',15,02),(239,'15.03.00.0000','KABUPATEN  SAROLANGUN ',15,03),(240,'15.04.00.0000','KABUPATEN  BATANG HARI',15,04),(241,'15.05.00.0000','KABUPATEN   MUARO JAMBI',15,05),(242,'15.06.00.0000','KABUPATEN TANJUNG JABUNG BARAT',15,06),(243,'15.07.00.0000','KABUPATEN TANJUNG JABUNG TIMUR',15,07),(244,'15.08.00.0000','KABUPATEN BUNGO ',15,08),(245,'15.09.00.0000','KABUPATEN  TEBO',15,09),(246,'15.71.00.0000','KOTA JAMBI',15,71),(247,'61.01.00.0000','KABUPATEN SEKADAU',61,01),(248,'61.02.00.0000','KABUPATEN PONTIANAK',61,02),(249,'61.03.00.0000','KABUPATEN SANGGAU',61,03),(250,'61.04.00.0000','KABUPATEN KETAPANG',61,04),(251,'61.05.00.0000','KABUPATEN SINTANG',61,05),(252,'61.06.00.0000','KABUPATEN KAPUAS HULU',61,06),(253,'61.07.00.0000','KABUPATEN BENGKAYANG',61,07),(254,'61.08.00.0000','KABUPATEN LANDAK',61,08),(255,'61.09.00.0000','KABUPATEN MELAWI',61,09),(256,'61.71.00.0000','KOTA PONTIANAK',61,71),(257,'61.72.00.0000','KOTA SINGKAWANG',61,72),(258,'21.01.00.0000','KABUPATEN KEPULAUAN RIAU',21,01),(259,'21.02.00.0000','KABUPATEN KARIMUN',21,02),(260,'21.03.00.0000','KABUPATEN NATUNA',21,03),(261,'21.04.00.0000','KABUPATEN LINGGA',21,04),(262,'21.71.00.0000','KOTA BATAM',21,71),(263,'21.72.00.0000','KOTA TANJUNG PINANG',21,72),(264,'91.01.00.0000','KABUPATEN  PUNCAK JAYA',91,01),(265,'91.02.00.0000','KABUPATEN  WAROPEN',91,02),(266,'91.03.00.0000','KABUPATEN JAYAPURA',91,03),(267,'91.04.00.0000','KABUPATEN  NABIRE ',91,04),(268,'91.05.00.0000','KABUPATEN  FAK FAK ',91,05),(269,'91.06.00.0000','KABUPATEN  SORONG ',91,06),(270,'91.07.00.0000','KABUPATEN  MANOKWARI',91,07),(271,'91.08.00.0000','KABUPATEN YAPEN WAROPEN',91,08),(272,'91.09.00.0000','KABUPATEN  BIAK NUMFOR',91,09),(273,'91.11.00.0000','KABUPATEN  PANIAI',91,11),(274,'91.12.00.0000','KABUPATEN  MIMIKA',91,12),(275,'91.13.00.0000','KABUPATEN  SARMI',91,13),(276,'13.03.00.0000','KABUPATEN SAWAHLUNTO/SIJUNJUNG',13,03),(277,'13.10.00.0000','KABUPATEN DHARMASRAYA',13,10),(278,'13.04.00.0000','KABUPATEN TANAH DATAR',13,04),(279,'13.05.00.0000','KABUPATEN PADANG PARIAMAN',13,05),(280,'13.06.00.0000','KABUPATEN AGAM',13,06),(281,'13.07.00.0000','KABUPATEN LIMA PULUH KOTA',13,07),(282,'13.08.00.0000','KABUPATEN PASAMAN',13,08),(283,'13.09.00.0000','KABUPATEN KEPULAUAN MENTAWAI.',13,09),(284,'13.11.00.0000','KABUPATEN SOLOK SELATAN',13,11),(285,'13.12.00.0000','KABUPATEN PASAMAN BARAT',13,12),(286,'13.71.00.0000','KOTA PADANG',13,71),(287,'13.72.00.0000','KOTA SOLOK',13,72),(288,'13.73.00.0000','KOTA SAWAHLUNTO',13,73),(289,'13.74.00.0000','KOTA PADANG PANJANG',13,74),(290,'13.75.00.0000','KOTA  BUKIT TINGGI ',13,75),(291,'13.76.00.0000','KOTA PAYAKUMBUH',13,76),(292,'13.77.00.0000','KOTA PARIAMAN',13,77),(293,'16.01.00.0000','KABUPATEN OGAN KOMERING ULU',16,01),(294,'16.02.00.0000','KABUPATEN OGAN KOMERING ILIR',16,02),(295,'16.03.00.0000','KABUPATEN  MUARA ENIM',16,03),(296,'16.04.00.0000','KABUPATEN  LAHAT',16,04),(297,'16.05.00.0000','KABUPATEN  MUSI RAWAS',16,05),(298,'16.06.00.0000','KABUPATEN  MUSI BANYUASIN',16,06),(299,'16.07.00.0000','KABUPATEN  BANYUASIN',16,07),(300,'16.10.00.0000','KABUPATEN OGAN  ILIR',16,10),(301,'16.08.00.0000','KABUPATEN OGAN KOMERING ULU TIMUR',16,08),(302,'16.09.00.0000','KABUPATEN OGAN KOMERING ULU SELATAN',16,09),(303,'16.71.00.0000','KOTA PALEMBANG',16,71),(304,'16.72.00.0000','KOTA PAGAR ALAM ',16,72),(305,'16.73.00.0000','KOTA  LUBUK LINGGAU',16,73),(306,'16.74.00.0000','KOTA  PRABUMULIH',16,74),(307,'72.01.00.0000','KABUPATEN BANGGAI',72,01),(308,'72.02.00.0000','KABUPATEN POSO',72,02),(309,'72.03.00.0000','KABUPATEN DONGGALA',72,03),(310,'72.04.00.0000','KABUPATEN  TOLI TOLI',72,04),(311,'72.05.00.0000','KABUPATEN BANGGAI KEPULAUAN',72,05),(312,'72.06.00.0000','KABUPATEN MOROWALI',72,06),(313,'72.07.00.0000','KABUPATEN  BUOL',72,07),(314,'72.08.00.0000','KABUPATEN PARIGI MOUTONG',72,08),(315,'72.09.00.0000','KABUPATEN TOJO UNA UNA',72,09),(316,'72.71.00.0000','KOTA PALU',72,71),(317,'12.01.00.0000','KABUPATEN TAPANULI TENGAH',12,01),(318,'12.02.00.0000','KABUPATEN TAPANULI UTARA',12,02),(319,'12.03.00.0000','KABUPATEN TAPANULI  SELATAN',12,03),(320,'12.04.00.0000','KABUPATEN NIAS',12,04),(321,'12.05.00.0000','KABUPATEN LANGKAT',12,05),(322,'12.06.00.0000','KABUPATEN KARO',12,06),(323,'12.07.00.0000','KABUPATEN DELI SERDANG',12,07),(324,'12.08.00.0000','KABUPATEN  SIMALUNGUN.',12,08),(325,'12.09.00.0000','KABUPATEN ASAHAN',12,09),(326,'12.10.00.0000','KABUPATEN LABUHAN BATU',12,10),(327,'12.11.00.0000','KABUPATEN DAIRI',12,11),(328,'12.12.00.0000','KABUPATEN TOBA SAMOSIR',12,12),(329,'12.13.00.0000','KABUPATEN MANDAILING NATAL',12,13),(330,'12.14.00.0000','KABUPATEN NIAS SELATAN',12,14),(331,'12.15.00.0000','KABUPATEN PAKPAK BHARAT',12,15),(332,'12.16.00.0000','KABUPATEN HUMBANG HASUNDUTAN',12,16),(333,'12.17.00.0000','KABUPATEN SAMOSIR',12,17),(334,'12.18.00.0000','KABUPATEN SERDANG BEDAGAI',12,18),(335,'12.71.00.0000','KOTA MEDAN',12,71),(336,'12.72.00.0000','KOTA PEMATANG SIANTAR',12,72),(337,'12.73.00.0000','KOTA SIBOLGA',12,73),(338,'12.74.00.0000','KOTA TANJUNG BALAI',12,74),(339,'12.75.00.0000','KOTA BINJAI',12,75),(340,'12.76.00.0000','KOTA TEBING TINGGI',12,76),(341,'12.77.00.0000','KOTA PADANG SIDIMPUAN',12,77),(342,'11.01.00.0000','KABUPATEN ACEH SELATAN',11,01),(343,'11.02.00.0000','KABUPATEN ACEH TENGGARA',11,02),(344,'11.03.00.0000','KABUPATEN ACEH TIMUR',11,03),(345,'11.04.00.0000','KABUPATEN ACEH TENGAH',11,04),(346,'11.05.00.0000','KABUPATEN ACEH BARAT',11,05),(347,'11.06.00.0000','KABUPATEN ACEH BESAR',11,06),(348,'11.07.00.0000','KABUPATEN PIDIE',11,07),(349,'11.08.00.0000','KABUPATEN ACEH UTARA',11,08),(350,'11.09.00.0000','KABUPATEN SIMEULUE',11,09),(351,'11.10.00.0000','KABUPATEN ACEH SINGKIL',11,10),(352,'11.11.00.0000','KABUPATEN BIREUEN',11,11),(353,'11.12.00.0000','KABUPATEN ACEH BARAT DAYA',11,12),(354,'11.13.00.0000','KABUPATEN GAYO LUES',11,13),(355,'11.14.00.0000','KABUPATEN ACEH JAYA',11,14),(356,'11.15.00.0000','KABUPATEN NAGAN RAYA',11,15),(357,'11.16.00.0000','KABUPATEN ACEH TAMIANG',11,16),(358,'11.17.00.0000','KABUPATEN  BENER MERIAH',11,17),(359,'11.71.00.0000','KOTA BANDA ACEH',11,71),(360,'11.72.00.0000','KOTA SABANG',11,72),(361,'11.73.00.0000','KOTA LHOKSEUMAWE',11,73),(362,'11.74.00.0000','KOTA LANGSA',11,74),(363,'81.01.00.0000','KABUPATEN MALUKU TENGGARA  BARAT',81,01),(364,'81.02.00.0000','KABUPATEN MALUKU TENGGARA',81,02),(365,'81.03.00.0000','KABUPATEN MALUKU TENGAH',81,03),(366,'81.04.00.0000','KABUPATEN  BURU',81,04),(367,'81.05.00.0000','KABUPATEN SERAM BAGIAN BARAT',81,05),(368,'81.06.00.0000','KABUPATEN SERAM BAGIAN TIMUR',81,06),(369,'81.07.00.0000','KABUPATEN KEPULAUAN ARU',81,07),(370,'81.71.00.0000','KOTA AMBON',81,71),(371,'35.01.00.0000','KABUPATEN PACITAN',35,01),(372,'35.02.00.0000','KABUPATEN PONOROGO',35,02),(373,'35.03.00.0000','KABUPATEN TRENGGALEK',35,03),(374,'35.04.00.0000','KABUPATEN TULUNGAGUNG',35,04),(375,'35.05.00.0000','KABUPATEN BLITAR',35,05),(376,'35.06.00.0000','KABUPATEN KEDIRI',35,06),(377,'35.07.00.0000','KABUPATEN MALANG',35,07),(378,'35.08.00.0000','KABUPATEN LUMAJANG',35,08),(379,'35.09.00.0000','KABUPATEN JEMBER',35,09),(380,'35.10.00.0000','KABUPATEN BANYUWANGI',35,10),(381,'35.11.00.0000','KABUPATEN BONDOWOSO',35,11),(382,'35.12.00.0000','KABUPATEN SITUBONDO',35,12),(383,'35.13.00.0000','KABUPATEN PROBOLINGGO',35,13),(384,'35.14.00.0000','KABUPATEN PASURUAN',35,14),(385,'35.15.00.0000','KABUPATEN SIDOARJO',35,15),(386,'35.16.00.0000','KABUPATEN MOJOKERTO',35,16),(387,'35.17.00.0000','KABUPATEN JOMBANG',35,17),(388,'35.18.00.0000','KABUPATEN NGANJUK',35,18),(389,'35.19.00.0000','KABUPATEN MADIUN',35,19),(390,'35.20.00.0000','KABUPATEN MAGETAN',35,20),(391,'35.21.00.0000','KABUPATEN NGAWI',35,21),(392,'35.22.00.0000','KABUPATEN BOJONEGORO',35,22),(393,'35.23.00.0000','KABUPATEN TUBAN',35,23),(394,'35.24.00.0000','KABUPATEN LAMONGAN',35,24),(395,'35.25.00.0000','KABUPATEN GRESIK',35,25),(396,'35.26.00.0000','KABUPATEN BANGKALAN',35,26),(397,'35.27.00.0000','KABUPATEN SAMPANG',35,27),(398,'35.28.00.0000','KABUPATEN PAMEKASAN',35,28),(399,'35.29.00.0000','KABUPATEN SUMENEP',35,29),(400,'35.71.00.0000','KOTA KEDIRI',35,71),(401,'35.72.00.0000','KOTA BLITAR',35,72),(402,'35.73.00.0000','KOTA MALANG',35,73),(403,'35.74.00.0000','KOTA PROBOLINGGO',35,74),(404,'35.75.00.0000','KOTA PASURUAN',35,75),(405,'35.76.00.0000','KOTA MOJOKERTO',35,76),(406,'35.77.00.0000','KOTA MADIUN',35,77),(407,'35.78.00.0000','KOTA SURABAYA',35,78),(408,'35.79.00.0000','KOTA BATU',35,79),(409,'33.01.00.0000','KABUPATEN CILACAP',33,01),(410,'33.02.00.0000','KABUPATEN BANYUMAS',33,02),(411,'33.03.00.0000','KABUPATEN PURBALINGGA',33,03),(412,'33.04.00.0000','KABUPATEN BANJARNEGARA',33,04),(413,'33.05.00.0000','KABUPATEN KEBUMEN',33,05),(414,'33.06.00.0000','KABUPATEN PURWOREJO',33,06),(415,'33.07.00.0000','KABUPATEN WONOSOBO',33,07),(416,'33.08.00.0000','KABUPATEN MAGELANG',33,08),(417,'33.09.00.0000','KABUPATEN BOYOLALI',33,09),(418,'33.10.00.0000','KABUPATEN KLATEN',33,10),(419,'33.11.00.0000','KABUPATEN SUKOHARJO',33,11),(420,'33.12.00.0000','KABUPATEN WONOGIRI',33,12),(421,'33.13.00.0000','KABUPATEN KARANGANYAR',33,13),(422,'33.14.00.0000','KABUPATEN SRAGEN',33,14),(423,'33.15.00.0000','KABUPATEN GROBOGAN',33,15),(424,'33.16.00.0000','KABUPATEN BLORA',33,16),(425,'33.17.00.0000','KABUPATEN REMBANG',33,17),(426,'33.18.00.0000','KABUPATEN PATI',33,18),(427,'33.19.00.0000','KABUPATEN KUDUS',33,19),(428,'33.21.00.0000','KABUPATEN DEMAK',33,21),(429,'33.22.00.0000','KABUPATEN SEMARANG',33,22),(430,'33.23.00.0000','KABUPATEN TEMANGGUNG',33,23),(431,'33.24.00.0000','KABUPATEN KENDAL',33,24),(432,'33.25.00.0000','KABUPATEN BATANG',33,25),(433,'33.26.00.0000','KABUPATEN PEKALONGAN',33,26),(434,'33.27.00.0000','KABUPATEN PEMALANG',33,27),(435,'33.28.00.0000','KABUPATEN TEGAL',33,28),(436,'33.29.00.0000','KABUPATEN BREBES',33,29),(437,'33.71.00.0000','KOTA MAGELANG',33,71),(438,'33.72.00.0000','KOTA SURAKARTA',33,72),(439,'33.73.00.0000','KOTA SALATIGA',33,73),(440,'33.74.00.0000','KOTA SEMARANG',33,74),(441,'33.75.00.0000','KOTA PEKALONGAN',33,75),(442,'33.76.00.0000','KOTA TEGAL',33,76),(443,'33 20.00.0000','KABUPATEN JEPARA',33,20),(444,'64.01.00.0000','KABUPATEN PASIR',64,01),(445,'64.02.00.0000','KABUPATEN KUTAI KARTANEGARA',64,02),(446,'64.03.00.0000','KABUPATEN BERAU',64,03),(447,'64.04.00.0000','KABUPATEN BULUNGAN',64,04),(448,'64.05.00.0000','KABUPATEN NUNUKAN',64,05),(449,'64.06.00.0000','KABUPATEN MALINAU',64,06),(450,'64.07.00.0000','KABUPATEN KUTAI BARAT',64,07),(451,'64.08.00.0000','KABUPATEN KUTAI TIMUR',64,08),(452,'64.09.00.0000','KABUPATEN PENAJAM PASER UTARA',64,09),(453,'64.71.00.0000','KOTA BALIKPAPAN',64,71),(454,'64.72.00.0000','KOTA SAMARINDA',64,72),(455,'64.73.00.0000','KOTA  TARAKAN',64,73),(456,'64.74.00.0000','KOTA  BONTANG',64,74),(457,'13.01.00.0000','KABUPATEN PESISIR SELATAN',13,01);

/*Table structure for table `namadatabase` */

DROP TABLE IF EXISTS `namadatabase`;

CREATE TABLE `namadatabase` (
  `idapp` int(11) NOT NULL,
  `appname` varchar(20) DEFAULT NULL,
  `databasename` varchar(30) DEFAULT NULL,
  `single` int(11) NOT NULL DEFAULT '0',
  PRIMARY KEY (`idapp`) USING BTREE
) ENGINE=InnoDB DEFAULT CHARSET=utf8 AVG_ROW_LENGTH=16384;

/*Data for the table `namadatabase` */

insert  into `namadatabase`(`idapp`,`appname`,`databasename`,`single`) values (0,'labrad','ge_ram_labrad',0),(1,'mediksoft','ge_ram_mediksoft',0);

/*Table structure for table `rad_film` */

DROP TABLE IF EXISTS `rad_film`;

CREATE TABLE `rad_film` (
  `idfilm` int(11) NOT NULL,
  `namafilm` varchar(20) DEFAULT NULL,
  `ukuran` int(11) DEFAULT '0',
  PRIMARY KEY (`idfilm`) USING BTREE
) ENGINE=InnoDB DEFAULT CHARSET=utf8 AVG_ROW_LENGTH=5461;

/*Data for the table `rad_film` */

insert  into `rad_film`(`idfilm`,`namafilm`,`ukuran`) values (1,'Film 24 x 30 cm',24),(2,'Film 30 x 40 cm',30),(3,'Film 35 x 35 cm',35);

/*Table structure for table `rad_grup` */

DROP TABLE IF EXISTS `rad_grup`;

CREATE TABLE `rad_grup` (
  `idgrup` int(11) NOT NULL AUTO_INCREMENT,
  `grup` varchar(30) CHARACTER SET latin1 DEFAULT NULL,
  PRIMARY KEY (`idgrup`) USING BTREE
) ENGINE=InnoDB AUTO_INCREMENT=4 DEFAULT CHARSET=utf8 AVG_ROW_LENGTH=5461;

/*Data for the table `rad_grup` */

insert  into `rad_grup`(`idgrup`,`grup`) values (1,'RADIOLOGI'),(2,'CT-SCAN'),(3,'USG');

/*Table structure for table `rad_itembiaya_rawatinap` */

DROP TABLE IF EXISTS `rad_itembiaya_rawatinap`;

CREATE TABLE `rad_itembiaya_rawatinap` (
  `iditemrad` int(11) NOT NULL,
  `kodekelas` varchar(2) NOT NULL,
  `biaya` decimal(19,4) DEFAULT '0.0000',
  PRIMARY KEY (`iditemrad`,`kodekelas`) USING BTREE,
  KEY `iditemrad` (`iditemrad`) USING BTREE,
  CONSTRAINT `rad_itembiaya_rawatinap_iditemrad` FOREIGN KEY (`iditemrad`) REFERENCES `rad_itempemeriksaan` (`iditemrad`) ON DELETE CASCADE
) ENGINE=InnoDB DEFAULT CHARSET=utf8 AVG_ROW_LENGTH=143;

/*Data for the table `rad_itembiaya_rawatinap` */

insert  into `rad_itembiaya_rawatinap`(`iditemrad`,`kodekelas`,`biaya`) values (1,'01','135000.0000'),(1,'02','125000.0000'),(1,'03','115000.0000'),(1,'04','105000.0000'),(1,'05','95000.0000'),(2,'01','175000.0000'),(2,'02','165000.0000'),(2,'03','155000.0000'),(2,'04','145000.0000'),(2,'05','135000.0000'),(3,'01','195000.0000'),(3,'02','185000.0000'),(3,'03','175000.0000'),(3,'04','165000.0000'),(3,'05','155000.0000'),(4,'01','130000.0000'),(4,'02','120000.0000'),(4,'03','110000.0000'),(4,'04','100000.0000'),(4,'05','90000.0000'),(5,'01','165000.0000'),(5,'02','155000.0000'),(5,'03','145000.0000'),(5,'04','135000.0000'),(5,'05','125000.0000'),(6,'01','185000.0000'),(6,'02','175000.0000'),(6,'03','165000.0000'),(6,'04','155000.0000'),(6,'05','145000.0000'),(8,'01','135000.0000'),(8,'02','125000.0000'),(8,'03','115000.0000'),(8,'04','105000.0000'),(8,'05','95000.0000'),(9,'01','155000.0000'),(9,'02','155000.0000'),(9,'03','145000.0000'),(9,'04','135000.0000'),(9,'05','125000.0000'),(10,'01','195000.0000'),(10,'02','185000.0000'),(10,'03','175000.0000'),(10,'04','165000.0000'),(10,'05','155000.0000'),(17,'01','140000.0000'),(17,'02','130000.0000'),(17,'03','120000.0000'),(17,'04','110000.0000'),(17,'05','100000.0000'),(18,'01','130000.0000'),(18,'02','120000.0000'),(18,'03','110000.0000'),(18,'04','100000.0000'),(18,'05','90000.0000'),(19,'01','135000.0000'),(19,'02','125000.0000'),(19,'03','115000.0000'),(19,'04','105000.0000'),(19,'05','95000.0000'),(20,'01','135000.0000'),(20,'02','125000.0000'),(20,'03','115000.0000'),(20,'04','105000.0000'),(20,'05','95000.0000'),(21,'01','140000.0000'),(21,'02','130000.0000'),(21,'03','120000.0000'),(21,'04','110000.0000'),(21,'05','100000.0000'),(22,'01','130000.0000'),(22,'02','120000.0000'),(22,'03','110000.0000'),(22,'04','100000.0000'),(22,'05','90000.0000'),(23,'01','135000.0000'),(23,'02','125000.0000'),(23,'03','115000.0000'),(23,'04','105000.0000'),(23,'05','95000.0000'),(24,'01','135000.0000'),(24,'02','125000.0000'),(24,'03','115000.0000'),(24,'04','105000.0000'),(24,'05','95000.0000'),(25,'01','135000.0000'),(25,'02','125000.0000'),(25,'03','115000.0000'),(25,'04','105000.0000'),(25,'05','95000.0000'),(26,'01','130000.0000'),(26,'02','120000.0000'),(26,'03','110000.0000'),(26,'04','100000.0000'),(26,'05','90000.0000'),(27,'01','165000.0000'),(27,'02','155000.0000'),(27,'03','145000.0000'),(27,'04','135000.0000'),(27,'05','125000.0000'),(28,'01','175000.0000'),(28,'02','165000.0000'),(28,'03','155000.0000'),(28,'04','145000.0000'),(28,'05','135000.0000'),(29,'01','130000.0000'),(29,'02','120000.0000'),(29,'03','110000.0000'),(29,'04','100000.0000'),(29,'05','90000.0000'),(29,'14','100000.0000'),(30,'01','130000.0000'),(30,'02','120000.0000'),(30,'03','110000.0000'),(30,'04','100000.0000'),(30,'05','90000.0000'),(31,'01','135000.0000'),(31,'02','125000.0000'),(31,'03','115000.0000'),(31,'04','105000.0000'),(31,'05','95000.0000'),(31,'35','95000.0000'),(32,'01','175000.0000'),(32,'02','165000.0000'),(32,'03','155000.0000'),(32,'04','145000.0000'),(32,'05','135000.0000'),(33,'01','130000.0000'),(33,'02','120000.0000'),(33,'03','110000.0000'),(33,'04','100000.0000'),(33,'05','90000.0000'),(34,'01','195000.0000'),(34,'02','185000.0000'),(34,'03','175000.0000'),(34,'04','165000.0000'),(34,'05','155000.0000'),(35,'01','175000.0000'),(35,'02','165000.0000'),(35,'03','155000.0000'),(35,'04','145000.0000'),(35,'05','135000.0000'),(36,'01','175000.0000'),(36,'02','165000.0000'),(36,'03','155000.0000'),(36,'04','145000.0000'),(36,'05','135000.0000'),(37,'01','165000.0000'),(37,'02','155000.0000'),(37,'03','145000.0000'),(37,'04','135000.0000'),(37,'05','125000.0000'),(38,'01','195000.0000'),(38,'02','185000.0000'),(38,'03','175000.0000'),(38,'04','165000.0000'),(38,'05','155000.0000'),(39,'01','230000.0000'),(39,'02','220000.0000'),(39,'03','210000.0000'),(39,'04','200000.0000'),(39,'05','190000.0000'),(40,'01','250000.0000'),(40,'02','240000.0000'),(40,'03','230000.0000'),(40,'04','222000.0000'),(40,'05','210000.0000'),(41,'01','250000.0000'),(41,'02','240000.0000'),(41,'03','230000.0000'),(41,'04','222000.0000'),(41,'05','210000.0000'),(42,'01','135000.0000'),(42,'02','125000.0000'),(42,'03','115000.0000'),(42,'04','105000.0000'),(42,'05','95000.0000'),(45,'01','600000.0000'),(45,'02','575000.0000'),(45,'03','550000.0000'),(45,'04','525000.0000'),(45,'05','500000.0000'),(46,'01','360000.0000'),(46,'02','350000.0000'),(46,'03','340000.0000'),(46,'04','330000.0000'),(46,'05','320000.0000'),(47,'01','430000.0000'),(47,'02','430000.0000'),(47,'03','430000.0000'),(47,'04','430000.0000'),(47,'05','430000.0000'),(49,'01','470000.0000'),(49,'02','460000.0000'),(49,'03','450000.0000'),(49,'04','440000.0000'),(49,'05','430000.0000'),(58,'01','195000.0000'),(58,'02','185000.0000'),(58,'03','175000.0000'),(58,'04','165000.0000'),(58,'05','155000.0000'),(59,'01','234000.0000'),(59,'02','234000.0000'),(59,'03','234000.0000'),(59,'04','234000.0000'),(59,'05','234000.0000'),(59,'13','110000.0000'),(61,'01','135000.0000'),(61,'02','125000.0000'),(61,'03','115000.0000'),(61,'04','105000.0000'),(61,'05','95000.0000'),(62,'01','135000.0000'),(62,'02','125000.0000'),(62,'03','115000.0000'),(62,'04','105000.0000'),(62,'05','95000.0000'),(63,'01','180000.0000'),(63,'02','180000.0000'),(63,'03','180000.0000'),(63,'04','180000.0000'),(63,'05','180000.0000'),(64,'01','215000.0000'),(64,'02','205000.0000'),(64,'03','195000.0000'),(64,'04','185000.0000'),(64,'05','175000.0000'),(65,'01','165000.0000'),(65,'02','155000.0000'),(65,'03','145000.0000'),(65,'04','135000.0000'),(65,'05','125000.0000'),(67,'01','120000.0000'),(67,'02','120000.0000'),(67,'03','110000.0000'),(67,'04','100000.0000'),(67,'05','90000.0000'),(68,'01','135000.0000'),(68,'02','125000.0000'),(68,'03','115000.0000'),(68,'04','105000.0000'),(68,'05','95000.0000'),(71,'01','640000.0000'),(71,'02','630000.0000'),(71,'03','620000.0000'),(71,'04','610000.0000'),(71,'05','600000.0000'),(76,'01','240000.0000'),(76,'02','230000.0000'),(76,'03','220000.0000'),(76,'04','210000.0000'),(76,'05','200000.0000'),(77,'01','140000.0000'),(77,'02','130000.0000'),(77,'03','120000.0000'),(77,'04','110000.0000'),(77,'05','100000.0000'),(78,'01','125000.0000'),(78,'02','125000.0000'),(78,'03','115000.0000'),(78,'04','105000.0000'),(78,'05','95000.0000'),(82,'01','135000.0000'),(82,'02','125000.0000'),(82,'03','115000.0000'),(82,'04','105000.0000'),(82,'05','95000.0000'),(83,'01','140000.0000'),(83,'02','130000.0000'),(83,'03','120000.0000'),(83,'04','110000.0000'),(83,'05','100000.0000'),(84,'01','240000.0000'),(84,'02','230000.0000'),(84,'03','220000.0000'),(84,'04','210000.0000'),(84,'05','200000.0000'),(86,'01','135000.0000'),(86,'02','125000.0000'),(86,'03','115000.0000'),(86,'04','105000.0000'),(86,'05','95000.0000'),(86,'06','95000.0000'),(86,'07','95000.0000'),(90,'01','30000.0000'),(90,'02','30000.0000'),(90,'03','30000.0000'),(90,'04','30000.0000'),(90,'05','30000.0000'),(90,'06','30000.0000'),(92,'01','22000.0000'),(92,'02','22000.0000'),(92,'03','22000.0000'),(92,'04','22000.0000'),(92,'05','22000.0000'),(92,'06','22000.0000'),(93,'01','60000.0000'),(93,'02','60000.0000'),(93,'03','60000.0000'),(93,'04','60000.0000'),(93,'05','60000.0000'),(93,'06','60000.0000'),(97,'01','230000.0000'),(97,'02','220000.0000'),(97,'03','210000.0000'),(97,'04','200000.0000'),(97,'05','190000.0000'),(97,'06','230000.0000'),(97,'07','230000.0000'),(99,'01','77000.0000'),(99,'02','77000.0000'),(99,'03','77000.0000'),(99,'04','77000.0000'),(99,'05','77000.0000'),(99,'06','77000.0000'),(99,'07','77000.0000'),(100,'01','16000.0000'),(100,'02','16000.0000'),(100,'03','16000.0000'),(100,'04','16000.0000'),(100,'05','16000.0000'),(100,'06','16000.0000'),(100,'07','16000.0000'),(102,'01','205000.0000'),(102,'02','195000.0000'),(102,'03','185000.0000'),(102,'04','175000.0000'),(102,'05','165000.0000'),(103,'01','205000.0000'),(103,'02','195000.0000'),(103,'03','185000.0000'),(103,'04','175000.0000'),(103,'05','165000.0000'),(104,'01','282000.0000'),(104,'02','282000.0000'),(104,'03','282000.0000'),(104,'04','282000.0000'),(104,'05','282000.0000'),(104,'06','282000.0000'),(104,'07','282000.0000'),(105,'01','195000.0000'),(105,'02','185000.0000'),(105,'03','175000.0000'),(105,'04','165000.0000'),(105,'05','155000.0000'),(105,'06','155000.0000'),(105,'07','155000.0000'),(106,'01','290000.0000'),(106,'02','280000.0000'),(106,'03','270000.0000'),(106,'04','260000.0000'),(106,'05','250000.0000'),(106,'06','250000.0000'),(106,'07','250000.0000'),(107,'01','210000.0000'),(107,'02','200000.0000'),(107,'03','190000.0000'),(107,'04','180000.0000'),(107,'05','170000.0000'),(107,'06','170000.0000'),(107,'07','170000.0000'),(108,'01','135000.0000'),(108,'02','125000.0000'),(108,'03','115000.0000'),(108,'04','105000.0000'),(108,'05','95000.0000'),(108,'06','95000.0000'),(108,'07','95000.0000');

/*Table structure for table `rad_itempemeriksaan` */

DROP TABLE IF EXISTS `rad_itempemeriksaan`;

CREATE TABLE `rad_itempemeriksaan` (
  `iditemrad` int(11) NOT NULL AUTO_INCREMENT,
  `namaitem` varchar(50) CHARACTER SET latin1 DEFAULT NULL,
  `biaya_rawatjalan` decimal(19,4) DEFAULT '0.0000',
  `biaya_pasienluar` decimal(19,4) DEFAULT '0.0000',
  `idgrup` int(11) DEFAULT NULL,
  `dokterbaca_lk` text,
  `dokterbaca_pr` text,
  `tgledit` timestamp NULL DEFAULT CURRENT_TIMESTAMP,
  `idklaim` int(11) NOT NULL DEFAULT '0',
  PRIMARY KEY (`iditemrad`) USING BTREE
) ENGINE=InnoDB AUTO_INCREMENT=97 DEFAULT CHARSET=utf8 AVG_ROW_LENGTH=1328;

/*Data for the table `rad_itempemeriksaan` */

insert  into `rad_itempemeriksaan`(`iditemrad`,`namaitem`,`biaya_rawatjalan`,`biaya_pasienluar`,`idgrup`,`dokterbaca_lk`,`dokterbaca_pr`,`tgledit`,`idklaim`) values (1,'Abdomen ','0.0000','0.0000',1,'Udara usus dan fecal ( + ) prominent\r\n\r\nRenal outline Ka/ Ki Samar\r\n\r\nTampak opasitas di setinggi VL 3-4 dextra uk lk 0,5 cm\r\n\r\nKesan : \r\n\r\n- Susp batu di ureter dextra DD/ Fecalith, Phlebolith\r\n\r\nSaran :\r\n\r\n- BNO dengan persiapan\r\n\r\n- USG','Udara usus dan fecal ( + ) prominent\r\n\r\nRenal outline Ka/ Ki Samar\r\n\r\nTampak opasitas di setinggi VL 3-4 dextra uk lk 0,5 cm\r\n\r\nKesan : \r\n\r\n- Susp batu di ureter dextra DD/ Fecalith, Phlebolith\r\n\r\nSaran :\r\n\r\n- BNO dengan persiapan\r\n\r\n- USG','2016-01-25 10:01:58',3),(2,'Abdomen 2 Posisi ','0.0000','0.0000',1,NULL,NULL,'2017-02-14 14:13:27',3),(3,'Abdomen 3 Posisi','0.0000','0.0000',1,'Kesan :\r\n\r\n -  Fecal Material Prominent\r\n\r\n-  Sistema usus tak dilatasi\r\n\r\n- Tak tampak lesi ileus, perforasi maupun kalsifikasi\r\n\r\n- Tak tampak batu opaque pada proyeksi tractus urinarius \r\n- Preperitoneal fatline masih tegas\r\n\r\n- Tampak distensi sistem usus halus\r\n\r\n- Tampak distribusi udara usus sp rectum\r\n\r\n- Tak tampak multiple airfluid lavel\r\n\r\n- Tak tampak gambar udara bebas\r\n\r\nKESAN :\r\n\r\n- Mengarah meteorismus\r\n\r\n- Tak tampak tanda-tanda ileus/perforasi/peritonjitis\r\n    ','- Preperitoneal fatline masih tegas\r\n\r\n- Tampak distensi sistem usus halus\r\n\r\n- Tampak distribusi udara usus sp rectum\r\n\r\n- Tak tampak multiple airfluid lavel\r\n\r\n- Tak tampak gambar udara bebas\r\n\r\nKESAN :\r\n\r\n- Mengarah meteorismus\r\n\r\n- Tak tampak tanda-tanda ileus/perforasi/peritonjitis','2016-04-29 10:52:12',3),(4,'Abdomen Anak','0.0000','0.0000',1,NULL,NULL,'2017-02-14 14:14:57',3),(5,'Abdomen Anak 2 Posisi','0.0000','0.0000',1,NULL,NULL,'2017-02-14 14:20:55',3),(6,'Abdomen Anak 3 Posisi ','0.0000','0.0000',1,'Pre peritoneal fatline tegas\r\n\r\nDistensi sistem usus\r\n\r\nTak tampak multiple airfluid level\r\n\r\nTak tampak gambaran udara bebas\r\n\r\nKesan :\r\n\r\n- Meteorismus\r\n\r\n- Tak tampak tanda - tanda Ileus/Perforasi/Peritonitis','Pre peritoneal fatline tegas\r\n\r\nDistensi sistem usus\r\n\r\nTak tampak multiple airfluid level\r\n\r\nTak tampak gambaran udara bebas\r\n\r\nKesan :\r\n\r\n- Meteorismus\r\n\r\n- Tak tampak tanda - tanda Ileus/Perforasi/Peritonitis','2017-02-14 14:21:31',3),(8,'Antebrachi AP Lateral ','0.0000','0.0000',1,'Foto antebrachii sinistra/dextra\r\n\r\nTerpasang plate and screw dengan post fracture os ulna dextra distal\r\n\r\n     Tulang radius dan ulna tampak normal.\r\n     Sela dan permukaan sendi tampak baik.\r\n     Tidak tampak garis fraktur, osteofit, lesi litik maupun sklerotik.\r\n     Jaringan lunak tampak normal.\r\n\r\nKesan radiologis : Tidak tampak kelainan pada antebrachii sinistra/dextra.\r\n\r\nKesan :\r\n\r\n- Terpasang orif pada os radius dan os ulna sinistra pada 1/3 tengah\r\n\r\n- Masih tampak garis fracture os radius dan os ulna sinistra pada 1/3 tengah\r\n\r\n- Aposisi dan aligment baik\r\n\r\n- Callus minimal\r\n\r\nUnion old fracture os radius - ulna sinistra 1/3 medial dengan terpasang plate and screw\r\n\r\nAposisi dan aligment baik, callus baik\r\n\r\nTidak tampak fraktur / dislokasi sistem os antebrachi dextra\r\n\r\nKesan :\r\n\r\n- Sistem os antebrachi dextra intak','Foto antebrachii sinistra/dextra\r\n\r\nTerpasang plate and sc\nrew dengan post fracture os ulna dextra distal\r\n\r\n     Tulang radius dan ulna tampak normal.\r\n     Sela dan permukaan sendi tampak baik.\r\n     Tidak tampak garis fraktur, osteofit, lesi litik maupun sklerotik.\r\n     Jaringan lunak tampak normal.\r\n\r\nKesan radiologis : Tidak tampak kelainan pada antebrachii sinistra/dextra.\r\n\r\nKesan :\r\n\r\n- Terpasang orif pada os radius dan os ulna sinistra pada 1/3 tengah\r\n\r\n- Masih tampak garis fracture os radius dan os ulna sinistra pada 1/3 tengah\r\n\r\n- Aposisi dan aligment baik\r\n\r\n- Callus minimal\r\n\r\nUnion old fracture os radius - ulna sinistra 1/3 medial dengan terpasang plate and screw\r\n\r\nAposisi dan aligment baik, callus baik\r\n\r\nTidak tampak fraktur / dislokasi sistem os antebrachi dextra\r\n\r\nKesan :\r\n\r\n- Sistem os antebrachi dextra intak','2016-04-01 09:32:44',3),(9,'Cranium AP Lateral ','0.0000','0.0000',1,'Kesan :\r\n\r\n- Tak tampak tanda - tanda fraktur pada calvaria\r\n\r\n- Tak tampak tanda - tanda khas peningkatan TIK\r\n\r\nTabula externa - interna intak\r\n\r\nOrbital dan petrous edge intak\r\n\r\nSPN normolusen\r\n\r\nOs Mandibula intak \r\n\r\nKesan :\r\n\r\n- Sistema os cranium intak\r\n\r\n','Kesan :\r\n\r\n- Tak tampak tanda - tanda fraktur pada calvaria\r\n\r\n- Tak tampak tanda - tanda khas peningkatan TIK\r\n\r\nTabula externa - interna intak\r\n\r\nOrbital dan petrous edge intak\r\n\r\nSPN normolusen\r\n\r\nOs Mandibula intak \r\n\r\nKesan :\r\n\r\n- Sistema os cranium intak\r\n\r\n','2016-03-04 15:24:33',3),(10,'Cranium 3 Posisi ','0.0000','0.0000',1,'Tampak perselubungan sinus maksilaris dextra dan cavum nasi sinistra\r\n\r\nSeptum nasi ditengah\r\n\r\nKesan :\r\n\r\n- Sinusitis maksillaris dextra\r\n\r\n- Rhinitis sinistra\r\n\r\nTampak hipertrophy konka nasalis sinistra\r\n\r\nTampak perselubungan tipis sinus maksilaris bilateral\r\n\r\nKesan :\r\n\r\n- hipertrophy konka nasalis sinistra\r\n\r\n- Sinusitis maksillaris bilateral ringan','Tampak perselubungan sinus maksilaris dextra dan cavum nasi sinistra\r\n\r\nSeptum nasi ditengah\r\n\r\nKesan :\r\n\r\n- Sinusitis maksillaris dextra\r\n\r\n- Rhinitis sinistra\r\n\r\nTampak hipertrophy konka nasalis sinistra\r\n\r\nTampak perselubungan tipis sinus maksilaris bilateral\r\n\r\nKesan :\r\n\r\n- hipertrophy konka nasalis sinistra\r\n\r\n- Sinusitis maksillaris bilateral ringan','2017-02-14 14:25:29',3),(17,'Knee joint AP Lateral ','0.0000','0.0000',1,'Foto genu sinistra/dextra :\r\n     Tulang pembentuk genu dextra/sinistra dalam batas normal. \r\n     Sela sendi tidak menyempit, permukaan sendi tidak sklerotik.\r\n     Eminentia intercondyloidea tidak meruncing.\r\n     Tidak tampak garis fraktur/dislokasi.\r\n     Tidak tampak osteofit.\r\nConcl  : \r\n     Tidak tampak kelainan pada genu sinistra/dextra.\r\nMultipel minimal osteofit sistem os genu sinistra\r\n\r\nTak tampak fraktur / dislokasi sistem os genu sinistra\r\n\r\nMultipel osteofit sistem os genu dextra\r\n\r\nJoint space agak menyempit\r\n\r\nFacies artikularis irreguler\r\n\r\nMinimal angulasi os fibula dextra 1/3 proksimal dengan bulging cortex os fibula dextra 1/3 proximal\r\n\r\nTampak penipisan cortex os fibula dextra 1/3 proximal dengan luksasi os fibula dextra 1/3 proximal batas tidak tegas\r\n\r\nKesan :\r\n\r\n- Susp fracture patologis inkomplet os fibula dextra 1/3 proximal DD/ Fracture patologis inkomplet pada simple  \r\n\r\n   bone cyst \r\n\r\n\r\nKesan :\r\n\r\n- OA genu sinis\ntra\r\n\r\n- Sitema os genu sinistra intak','Foto genu sinistra/dextra :\r\n     Tulang pembentuk genu dextra/sinistra dalam batas normal. \r\n     Sela sendi tidak menyempit, permukaan sendi tidak sklerotik.\r\n     Eminentia intercondyloidea tidak meruncing.\r\n     Tidak tampak garis fraktur/dislokasi.\r\n     Tidak tampak osteofit.\r\nConcl  : \r\n     Tidak tampak kelainan pada genu sinistra/dextra.\r\nMultipel minimal osteofit sistem os genu sinistra\r\n\r\nMultipel osteofit sistem os genu dextra\r\n\r\nJoint space agak menyempit\r\n\r\nFacies artikularis irreguler\r\n\r\nTak tampak fraktur / dislokasi sistem os genu sinistra\r\n\r\nMinimal angulasi os fibula dextra 1/3 proksimal dengan bulging cortex os fibula dextra 1/3 proximal\r\n\r\nTampak penipisan cortex os fibula dextra 1/3 proximal dengan luksasi os fibula dextra 1/3 proximal batas tidak tegas\r\n\r\nKesan :\r\n\r\n- Susp fracture patologis inkomplet os fibula dextra 1/3 proximal DD/ Fracture patologis inkomplet pada simple  \r\n\r\n   bone cys\nt \r\n\r\n\r\nKesan :\r\n\r\n- OA genu sinistra\r\n\r\n- Sitema os genu sinistra intak','2017-02-11 13:37:54',3),(18,'Hip Joint','0.0000','0.0000',1,'Tampak multiple osteofit sistem os hip joint dextra\r\n\r\nTampak protrusio acetabullum\r\n\r\nSklerotik caput femur dextra joint space menyempit\r\n\r\nkesan :\r\n\r\n- Mengarah RA hip joint dextra ','Tampak multiple osteofit sistem os hip joint dextra\r\n\r\nTampak protrusio acetabullum\r\n\r\nSklerotik caput femur dextra joint space menyempit\r\n\r\nkesan :\r\n\r\n- Mengarah RA hip joint dextra ','2017-02-27 07:46:11',3),(19,'Humerus AP Lateral ','0.0000','0.0000',1,'Foto humerus sinistra/dextra :\r\n     Tulang humerus dextra/sinistra dalam batas normal.\r\n     Sela dan permukaan sendi tampak baik.\r\n     Tidak tampak garis fraktur, lesi litik maupun sklerotik.\r\n     Jaringan lunak tampak normal.\r\nConcl :\r\n     Tidak tampak kelainan pada humerus sinistra/dextra.\r\n\r\nTerpasang gip sirkuler dengan post fracture os humerus sinistra 1/3 proksimal, cum angulasi\r\n\r\nAposisi dan aligment kurang','Foto humerus sinistra/dextra :\r\n     Tulang humerus dextra/sinistra dalam batas normal.\r\n     Sela dan permukaan sendi tampak baik.\r\n     Tidak tampak garis fraktur, lesi litik maupun sklerotik.\r\n     Jaringan lunak tampak normal.\r\nConcl :\r\n     Tidak tampak kelainan pada humerus sinistra/dextra.\r\n\r\nTerpasang gip sirkuler dengan post fracture os humerus sinistra 1/3 proksimal, cum angulasi\r\n\r\nAposisi dan aligment kurang','2017-02-11 13:40:52',3),(20,'Manus Anak AP Lateral ','0.0000','0.0000',1,'Foto manus sinistra/dextra :\r\n     Tulang pembentuk manus dextra/sinistra dalam batas normal\r\n     Sela dan permukaan sendi normal.\r\n     Tidak tampak garis fraktur, osteofit, lesi litik maupun sklerotik.\r\n     Jaringan lunak tampak normal.\r\nConcl :\r\n    Tidak tampak kelainan pada manus sinistra/dextra.\r\n\r\nKesan :\r\n\r\n- Fracture phalanx distal digiti V manus sinistra\r\n\r\n- Soft tissue swelling ( + )\r\n\r\nTak tampak fracture pada sistem os carpalia - os phalang sistem os manus sin','Foto manus sinistra/dextra :\r\n     Tulang pembentuk manus dextra/sinistra dalam batas normal\r\n     Sela dan permukaan sendi normal.\r\n     Tidak tampak garis fraktur, osteofit, lesi litik maupun sklerotik.\r\n     Jaringan lunak tampak normal.\r\nConcl :\r\n    Tidak tampak kelainan pada manus sinistra/dextra.\r\n\r\nKesan :\r\n\r\n- Fracture phalanx distal digiti V manus sinistra\r\n\r\n- Soft tissue swelling ( + )\r\n\r\nTak tampak fracture pa\nda sistem os carpalia - os phalang sistem os manus sin','2017-03-03 11:03:14',3),(21,'Manus AP Oblique','0.0000','0.0000',1,'- Fracture metacarpal digiti III manus sinistra, Aligment dan aposisi kurang\r\n\r\n- Fracture os phalanx medial digiti IV manus sinistra komplit, Aligment dan aposisi kurang\r\n\r\n- Fracture amputasi os phalang distal digiti V manus sinistra\r\n\r\nConcl :\r\n    Tidak tampak kelainan pada manus sinistra/dextra.\r\nKesan :\r\n\r\n- Fracture phalanx distal digiti V manus sinistra\r\n\r\n- Soft tissue swelling ( + )\r\n\r\nTerpasang 1 buah pin dengan post Fracture os metacarpal digiti III manus sinistra, Aligment dan aposisi baik\r\n\r\nTerpasang 1 buah pin dengan postFracture os phalanx medial digiti IV manus sinistra komplit, Aligment dan aposisi kurang\r\nTidak tampak fracture / dislokasi sistem os manus sinistra\r\n\r\nTak tampak fracture pada sistem os carpalia - os phalang sistem os manus sin\r\n\r\nKesan :\r\n\r\nSistem os manus sinistra intak','- Fracture metacarpal digiti III manus sinistra, Aligment dan aposisi kurang\r\n\r\n- Fracture os phalanx \nmedial digiti IV manus sinistra komplit, Aligment dan aposisi kurang\r\n\r\n- Fracture amputasi os phalang distal digiti V manus sinistra\r\n\r\nConcl :\r\n    Tidak tampak kelainan pada manus sinistra/dextra.\r\n\r\nKesan :\r\n\r\n- Fracture phalanx distal digiti V manus sinistra\r\n\r\n- Soft tissue swelling ( + )\r\n\r\nTerpasang 1 buah pin dengan post Fracture os metacarpal digiti III manus sinistra, Aligment dan aposisi baik\r\n\r\nTerpasang 1 buah pin dengan postFracture os phalanx medial digiti IV manus sinistra komplit, Aligment dan aposisi kurang\r\nTidak tampak fracture / dislokasi sistem os manus sinistra\r\n\r\nTak tampak fracture pada sistem os carpalia - os phalang sistem os manus sin\r\n\r\nKesan :\r\n\r\nSistem os manus sinistra intak','2016-06-19 11:40:01',3),(22,'Nasal ','0.0000','0.0000',1,'Tabula externa - interna intak\r\n\r\nOrbital rim - petrosus ridge intak\r\n\r\nPerselubungan cavum nasi\r\n\r\nTampak minimal angulasi os nasal\r\n\r\nKesan :\r\n\r\n- Minimal angulasi os nasal DD / Fracture inkomplit os nasal\r\n\r\n- Susp rhinitis DD / Perdarahan\r\n\r\n- Sisitem os calvaria intak','Tabula externa - interna intak\r\n\r\nOrbital rim - petrosus ridge intak\r\n\r\nPerselubungan cavum nasi\r\n\r\nTampak minimal angulasi os nasal\r\n\r\nKesan :\r\n\r\n- Minimal angulasi os nasal DD / Fracture inkomplit os nasal\r\n\r\n- Susp rhinitis DD / Perdarahan\r\n\r\n- Sisitem os calvaria intak','2017-03-02 18:32:24',3),(23,'Pedis Anak AP oblique','0.0000','0.0000',1,'Foto pedis sinistra/dextra :\r\n     Foto pedis sinistra : AP.OBL ( Kondisi terlalu keras )\r\n\r\nKesan : Tak tampak lesi litik - scleretik pada regio pedis sinistra\r\n\r\n             Periosteal reaction ( - )\r\n\r\n            Soft tissue swelling tak jelas ( kondisi terlalu keras )\r\n\r\nKesan :\r\n\r\n- Tak tampak fracture pada ossa pedis sinistra/dextra\r\n\r\n- Soft tissue swelling (+) / (-)','Foto pedis sinistra/dextra :\r\n     Tulang pembentuk pedis dextra/sinistra dalam batas normal\r\n     Sela dan permukaan sendi dalam batas normal\r\n     Tidak tampak garis fraktur, osteofit, lesi litik maupun sklerotik \r\n     Jaringan lunak tampak normal\r\nConcl :  \r\n     Tidak tampak kelainan pada pedis sinistra/dextra.\r\n\r\nKesan :\r\n\r\n- Tak tampak fracture pada ossa pedis sinistra/dextra\r\n\r\n- Soft tissue swelling (+) / (-)','2016-08-24 15:23:30',3),(24,'Pedis AP Oblique','0.0000','0.0000',1,'Terpasang 1 buah pin dengan post fracture dan sub luksasi os metatarsal digiti V pedis sin\r\n\r\nAligment dan aposisi baik\r\n\r\nTak tampak fracture / dislokasi pada sistem os pedis sinistra\r\n\r\nKesan :\r\n\r\n- Tak tampak fracture pada ossa pedis sinistra/dextra\r\n\r\n- Soft tissue swelling (+) / (-)\r\n\r\nEpifisiolysis epifise os phalang proksimal digiti V pedis dextra\r\n\r\nAligment dan aposisi kurang\r\n\r\nPost fracture amputasi aspek distal phalang distal digiti I pedis sinistra\r\n\r\nSubluksasi phalang distal terhadap phalang medial digiti II pedis sinistra\r\n','Terpasang 1 buah pin dengan post fracture dan sub luksasi os metatarsal digiti V pedis sin\r\n\r\nAligment dan aposisi baik\r\n\r\nTak tampak fracture / dislokasi pada sistem os pedis sinistra\r\n\r\nKesan :\r\n\r\n- Tak tampak fracture pada ossa pedis sinistra/dextra\r\n\r\n- Soft tissue swelling (+) / (-)\r\n\r\nEpifisiolysis epifise os phalang proksimal digiti V pedis dextra\r\n\nr\nAligment dan aposisi kurang\r\n\r\nPost fracture amputasi aspek distal phalang distal digiti I pedis sinistra\r\n\r\nSubluksasi phalang distal terhadap phalang medial digiti II pedis sinistra\r\n','2016-04-05 18:27:27',3),(25,'Pelvis ','0.0000','0.0000',1,'Lusensi dan irreguler ouit line collum femur dextra\r\n\r\naligment dan aposisi relatif cukup\r\n\r\nkesan :\r\n\r\n- Mengarah fracture collum femur dextra\r\n\r\n- aligment dan aposisi relatif cukup\r\n\r\nKesan :\r\n\r\nTak tampak fracture pada ossa pelvis\r\n\r\narticulasi coxae baik\r\n\r\nTak tampak fracture / dislokasi sistem os pelvis\r\n\r\nkesan :\r\n\r\n- Sistem os pelvis intak\r\nFracture os trochanter mayor os femur dextra komplit communitive\r\n\r\naligment dan aposisi kurang','Foto pelvic AP:\r\nLusensi dan irreguler ouit line collum femur dextra\r\n\r\naligment dan aposisi relatif cukup\r\n\r\nkesan :\r\n\r\n- Mengarah fracture collum femur dextra\r\n\r\n- aligment dan aposisi relatif cukup\r\n\r\nTak tampak fracture / dislokasi sistem os pelvis\r\n\r\nkesan :\r\n\r\n- Sistem os pelvis intak\r\n\r\n    Tidak tampak kelainan pada foto pelvic AP.\r\n\r\nFracture os trochanter mayor os femur dextra komplit communitive\r\n\r\naligment dan aposisi kurang','2016-04-05 18:46:13',3),(26,'Pelvis Anak ','0.0000','0.0000',1,'Foto pelvic AP:\r\n     Tulang pembentuk pelvis masih tampak normal\r\n     Permukaan acetabulum tampak baik\r\n     Tidak tampak garis fraktur.\r\n     Tidak tampak osteofit, lesi litik maupun sklerotik.\r\nConcl : \r\n    Tidak tampak kelainan pada foto pelvic AP.','Foto pelvic AP:\r\n     Tulang pembentuk pelvis masih tampak normal\r\n     Permukaan acetabulum tampak baik\r\n     Tidak tampak garis fraktur.\r\n     Tidak tampak osteofit, lesi litik maupun sklerotik.\r\nConcl : \r\n    Tidak tampak kelainan pada foto pelvic AP.','2017-03-03 11:08:03',3),(27,'Pelvis Anak AP Lateral ','0.0000','0.0000',1,'Foto pelvic AP:\r\n     Tulang pembentuk pelvis masih tampak normal\r\n     Permukaan acetabulum tampak baik\r\n     Tidak tampak garis fraktur.\r\n     Tidak tampak osteofit, lesi litik maupun sklerotik.\r\nConcl : \r\n    Tidak tampak kelainan pada foto pelvic AP.','Foto pelvic AP:\r\n     Tulang pembentuk pelvis masih tampak normal\r\n     Permukaan acetabulum tampak baik\r\n     Tidak tampak garis fraktur.\r\n     Tidak tampak osteofit, lesi litik maupun sklerotik.\r\nConcl : \r\n    Tidak tampak kelainan pada foto pelvic AP.','2017-03-03 11:08:39',3),(28,'Pelvis AP Lateral ','0.0000','0.0000',1,'Foto pelvic AP:\r\n     Tulang pembentuk pelvis masih tampak normal\r\n     Permukaan acetabulum tampak baik\r\n     Tidak tampak garis fraktur.\r\n     Tidak tampak osteofit, lesi litik maupun sklerotik.\r\nConcl : \r\n    Tidak tampak kelainan pada foto pelvic AP.','Foto pelvic AP:\r\n     Tulang pembentuk pelvis masih tampak normal\r\n     Permukaan acetabulum tampak baik\r\n     Tidak tampak garis fraktur.\r\n     Tidak tampak osteofit, lesi litik maupun sklerotik.\r\nConcl : \r\n    Tidak tampak kelainan pada foto pelvic AP.','2017-03-03 11:09:24',3),(29,'Shoulder Joint ','0.0000','0.0000',1,'Foto shulder joint sinistra/dextra :\r\n     Tulang pembentuk shoulder joint dextra/ sinistra dalam batas normal  \r\n     Sela dan permukaan sendi tidak menyempit \r\n     Tidak tampak garis fraktur, osteofit, lesi litik/sklerotik\r\n     Jaringan lunak tampak normal.\r\nConcl : \r\n    Tidak tampak kelainan pada shoulder sinistra/dextra.\r\nMutiple minimal osteofit sistem os shoulder joint sinistra\r\n\r\nJoint space menyempit\r\n\r\nKesan :\r\n\r\n- Awal OA Shoulder joint\r\nOsteofit os tuberculum mayus os humerus dextra\r\n\r\nJoint space tak menyempit\r\n\r\nFacies artikularis licin\r\n\r\nKesan :\r\n\r\n- Osteofit di tuberculum mayus os humerus dextra\r\nTidak tampak fraiktur / dislokasi sistem os shoulder joint sinistra','Foto shulder joint sinistra/dextra :\r\n     Tulang pembentuk shoulder joint dextra/ sinistra dalam batas normal  \r\n     Sela dan permukaan sendi tidak menyempit \r\n     Tidak tampak garis fraktur, osteofit, lesi litik/sklerotik\r\n\n     Jaringan lunak tampak normal.\r\nConcl : \r\n    Tidak tampak kelainan pada shoulder sinistra/dextra.\r\nMutiple minimal osteofit sistem os shoulder joint sinistra\r\n\r\nJoint space menyempit\r\n\r\nKesan :\r\n\r\n- Awal OA Shoulder joint\r\nOsteofit os tuberculum mayus os humerus dextra\r\n\r\nJoint space tak menyempit\r\n\r\nFacies artikularis licin\r\n\r\nKesan :\r\n\r\n- Osteofit di tuberculum mayus os humerus dextra\r\nTidak tampak fraiktur / dislokasi sistem os shoulder joint sinistra','2016-05-08 09:03:45',3),(30,'Shoulder Joint Anak ','0.0000','0.0000',1,'Foto shulder joint sinistra/dextra :\r\n     Tulang pembentuk shoulder joint dextra/ sinistra dalam batas normal  \r\n     Sela dan permukaan sendi tidak menyempit \r\n     Tidak tampak garis fraktur, osteofit, lesi litik/sklerotik\r\n     Jaringan lunak tampak normal.\r\nConcl : \r\n    Tidak tampak kelainan pada shoulder sinistra/dextra.','Foto shulder joint sinistra/dextra :\r\n     Tulang pembentuk shoulder joint dextra/ sinistra dalam batas normal  \r\n     Sela dan permukaan sendi tidak menyempit \r\n     Tidak tampak garis fraktur, osteofit, lesi litik/sklerotik\r\n     Jaringan lunak tampak normal.\r\nConcl : \r\n    Tidak tampak kelainan pada shoulder sinistra/dextra.','2017-03-03 11:10:33',3),(31,'Thorax Dewasa','0.0000','0.0000',1,'Tampak perselubungan semi opak inhomogen diperihiler ka/ki dan parakardial ka\r\n\r\nCorakan bronkhovaskuler meningkat dan mengabur\r\n Corakan bronkhovaskuler dalam batas normal.\r\n              Tidak tampak infiltrat.\r\nSkeletal dan soft tissue tidak tampak kelainan.\r\n\r\nConcl : \r\nCor dan pulmo saat ini tidak tampak kelainan.\r\n\r\nKesan :\r\n\r\n- Bronchitis\r\n\r\n- Cardiomegali, ASHD, HHD\r\n\r\n- Tak tampak fracture pada sistema costae\r\n\r\n- Konfigurasi cor dbn\r\n\r\n- Bronchopneumonia\r\n\r\n- Bronchitis dengan minimal pleural effusi bilateral\r\n\r\n- Cardiomegali , oedem pulmo mix\r\n\r\n- Bronchopneumonia\r\n\r\n- Minimal Pleural effusi bilateral\r\n\r\n- Besar cor dan corakan paru dbn\r\n\r\n- Hillus tak memadat\r\n\r\n- Besar cor dbn\r\n\r\n- Pulmo dan Besar cor dbn\r\n\r\n- Sistem os costae intak\r\n\r\nCorakan bronkhovascular bertambah\r\n\r\nSinus CF ka/ki lancip, diafragma ka/ki licin\r\n\r\nCor CTR < 0,55','Tampak perselubungan sem\ni opak inhomogen diperihiler ka/ki dan parakardial ka\r\n\r\nCorakan bronkhovaskuler meningkat dan mengabur\r\n Corakan bronkhovaskuler dalam batas normal.\r\n              Tidak tampak infiltrat.\r\nSkeletal dan soft tissue tidak tampak kelainan.\r\n\r\nConcl : \r\nCor dan pulmo saat ini tidak tampak kelainan.\r\nKesan :\r\n\r\n- Bronchitis\r\n\r\n- Cardiomegali, ASHD, HHD\r\n\r\n- Tak tampak fracture pada sistema costae\r\n\r\n- Konfigurasi cor dbn\r\n\r\n- Bronchopneumonia\r\n\r\n- Bronchitis dengan minimal pleural effusi bilateral\r\n\r\n- Cardiomegali , oedem pulmo mix\r\n\r\n- Bronchopneumonia\r\n\r\n- Minimal Pleural effusi bilateral\r\n\r\n- Besar cor dbn\r\n\r\n- Pulmo dan Besar cor dalam batas normal\r\n\r\n- Sistem os costae intak\r\n\r\nCorakan bronkhovascular bertambah\r\n\r\nSinus CF ka/ki lancip, diafragma ka/ki licin\r\n\r\nCor CTR < 0,55','2016-04-07 11:24:49',3),(32,'Thorax 2 Posisi ','0.0000','0.0000',1,'Foto thorax :\r\nCor, sinuses dan diafragma normal.\r\nPulmo : Hilli normal.\r\n Corakan bronkhovaskuler dalam batas normal.\r\n              Tidak tampak infiltrat.\r\nSkeletal dan soft tissue tidak tampak kelainan.\r\n\r\nConcl : \r\nCor dan pulmo saat ini tidak tampak kelainan.','Foto thorax :\r\nCor, sinuses dan diafragma normal.\r\nPulmo : Hilli normal.\r\n Corakan bronkhovaskuler dalam batas normal.\r\n              Tidak tampak infiltrat.\r\nSkeletal dan soft tissue tidak tampak kelainan.\r\n\r\nConcl : \r\nCor dan pulmo saat ini tidak tampak kelainan.','2017-03-03 11:12:17',3),(33,'Thorax Anak ','0.0000','0.0000',1,'Dibandingkan foto tanggal\r\n\r\nTampak infiltrat diperihiler ka/ki dan paracardial ka\r\nTampak perselubungan semi opak inhomogen di perihiler ka/ki dan parakardial ka/ki, penebalan fissura mayor dextra\r\n\r\nKesan :\r\n\r\n- Bronchitis\r\n\r\n- TB Primer aktif\r\n\r\n- Tak tampak fracture pada sistema costae\r\n\r\n- Konfigurasi cor dbn\r\n\r\n- Bronchopneumonia\r\n\r\n- Radiologis perbaikan ( + )\r\n\r\n- Radiologis status quate\r\n\r\n- Pleural reaction dextra\r\n\r\n- Konfigurasi cor dbn\r\n\r\n- Besar cor dan corakan paru dbn\r\n\r\n- - Mengarah proses spesifik aktif\r\n\r\n- Besar cor dbn\r\n\r\n- Mengarah TB Primer aktif\r\n\r\nCorakan bronkhovascular bertambah\r\n\r\nSinus CF ka/ki lancip, diafragma ka/ki licin\r\n\r\nCor CTR < 0,55','Dibandingkan foto tanggal\r\n\r\nTampak infiltrat diperihiler ka/ki dan paracardial ka\r\nTampak perselubungan semi opak inhomogen di perihiler ka/ki dan parakardial ka/ki, penebalan fissura mayor dextra\r\n\r\n\r\nKesan \n:\r\n\r\n- Bronchitis\r\n\r\n- TB Primer aktif\r\n\r\n- Tak tampak fracture pada sistema costae\r\n\r\n- Konfigurasi cor dbn\r\n\r\n- Bronchopneumonia\r\n\r\n- Radiologis perbaikan ( + )\r\n\r\n- Radiologis status quate\r\n\r\n- Pleural reaction dextra\r\n\r\n- Konfigurasi cor dbn\r\n\r\n- Besar cor dan corakan paru dbn\r\n\r\n- Mengarah proses spesifik aktif\r\n\r\n- Besar cor dbn\r\n\r\n- Mengarah TB Primer aktif\r\n\r\nCorakan bronkhovascular bertambah\r\n\r\nSinus CF ka/ki lancip, diafragma ka/ki licin\r\n\r\nCor CTR < 0,55','2016-04-06 11:24:50',3),(34,'V.Lumbal 3 Posisi ','0.0000','0.0000',1,NULL,NULL,'2017-03-03 11:14:07',3),(35,'V.Lumbal AP Lateral','0.0000','0.0000',1,'Kesan : Tampak fracture kompresi  collum vertebrae lumbal I \r\n\r\nKesan :\r\n\r\n- Spondylosis Lumbalis\r\n\r\n- Kelengkungan linier\r\n\r\n- Spina dan pedikel\r\n\r\n- DIV Tak menyempit\r\n\r\nKelengkungan VL Lordotik\r\n\r\nInterspace VS-1 terhadap VL-5 kearah post grade 1\r\n\r\nTampak lumbalisasi os VS-1\r\n\r\nMultiple minimal osteofit sistem os VL\r\n\r\nKesan :\r\n\r\n- Unstable Lumbosacral\r\n\r\n- Spondylolistesis os VS-1 terhadap VL-5 ke arah post grade 1\r\n\r\n- Lumbalisasi os VS-1\r\n\r\nKelengkungan lordotik dengan sudut ferguson > 35 derajat\r\n\r\nMultiple osteofit sistem os VL\r\n\r\nTampak penebalan sub chondral VL4-5 dengan penyempitan DIV dan FIV\r\n\r\nTidak tampak listesis\r\n\r\nKesan :\r\n\r\n- Spondyloarthrosis VL\r\n\r\n- Unstable Lumbosacral discus VL4-5 \r\n\r\nKelengkungan VL melurus\r\n\r\nTidak tampak listesis / Kompresi\r\n\r\nTak tampak penyempitan DIV dan FIV \r\n\r\n\r\nKesan :\r\n\r\n- Paraspinal musculospasme\r\n\nr\n- Sistem os VL intak\r\n- Discitis  VL 4 - 5','Kesan :\r\n\r\n- Spondylosis Lumbalis\r\n\r\n- Kelengkungan linier\r\n\r\n- Spina dan pedikel\r\n\r\n- DIV Tak menyempit\r\n\r\nKelengkungan VL Lordotik\r\n\r\nInterspace VS-1 terhadap VL-5 kearah post grade 1\r\n\r\nTampak lumbalisasi os VS-1\r\n\r\nMultiple minimal osteofit sistem os VL\r\n\r\nKesan :\r\n\r\n- Unstable Lumbosacral\r\n\r\n- Spondylolistesis os VS-1 terhadap VL-5 ke arah post grade 1\r\n\r\n- Lumbalisasi os VS-1\r\n\r\nKelengkungan lordotik dengan sudut ferguson > 35 derajat\r\n\r\nMultiple osteofit sistem os VL\r\n\r\nTampak penebalan sub chondral VL4-5 dengan penyempitan DIV dan FIV\r\n\r\nTidak tampak listesis\r\n\r\nKesan :\r\n\r\n- Spondyloarthrosis VL\r\n\r\n- Unstable Lumbosacral discus VL4-5 \r\n\r\nKelengkungan VL melurus\r\n\r\nTidak tampak listesis / Kompresi\r\n\r\nTak tampak penyempitan DIV dan FIV \r\n\r\n\r\nKesan :\r\n\r\n- Paraspinal musculospasme\r\n\r\n- Sistem os VL intak\r\n- Discitis  VL 4 - 5','2016-02-20 08:50:20',3),(36,'V.Thoracal AP Lateral ','0.0000','0.0000',1,'Foto vertebrae thoracalis AP-Lateral :\r\n     Curve dan alignment dalam batas normal.\r\n     Corpus  vertebrae thoracalis dalam batas normal.\r\n     Discus dan foramen intervertebralis tidak  menyempit.\r\n     Paedicle dalam batas normal.\r\n     Tidak tampak fraktur, lesi litik maupun sklerotik.\r\n     Tidak tampak osteofit. \r\nConcl :\r\n     Tidak tampak kelainan pada vertebrae thoracalis.\r\n\r\nKelengkungan vertebrae thoracalis dalam batas normal.\r\n\r\nTidak tampak listesis / kompresi\r\n\r\nTidak tampak penyempitan DIV / FIV\r\n\r\nKesan :\r\n\r\n- Sistem os vert.thoracal intak','Foto vertebrae thoracalis AP-Lateral :\r\n     Curve dan alignment dalam batas normal.\r\n     Corpus  vertebrae thoracalis dalam batas normal.\r\n     Discus dan foramen intervertebralis tidak  menyempit.\r\n     Paedicle dalam batas normal.\r\n     Tidak tampak fraktur, lesi litik maupun sklerotik.\r\n     Tidak tampak osteofit. \r\nConcl :\r\n     Tidak tam\npak kelainan pada vertebrae thoracalis.\r\n\r\nKelengkungan vertebrae thoracalis dalam batas normal.\r\n\r\nTidak tampak listesis / kompresi\r\n\r\nTidak tampak penyempitan DIV / FIV\r\n\r\nKesan :\r\n\r\n- Sistem os vert.thoracal intak','2017-03-03 11:15:49',3),(37,'V.Cervical 2 Posisi ','0.0000','0.0000',1,'Kesan :\r\n\r\n- Tak tampak fractur pada corpora vertebrae cervicalis yang tervisualisasi\r\n\r\n- Kelengkungan melurus\r\n\r\n- Tak tampak lesi litik, sclerotik pada corpus vert.cervicali\r\n\r\n- DIV tak menyempit\r\n\r\n- Kelengkungan baik\r\n\r\nKelengkungan vert.cervical melurus\r\n\r\nTak tampak listesis / kompresi\r\n\r\nTampak multiple minimal osteofit\r\n\r\nTak tampak penyempitan DIV / FIV\r\n\r\nKesan :\r\n\r\n- Paraspinal musculospasme\r\n\r\n- Spondylosis vert.cervical','Kesan :\r\n\r\n- Tak tampak fractur pada corpora vertebrae cervicalis yang tervisualisasi\r\n\r\n- Kelengkungan melurus\r\n\r\n- Tak tampak lesi litik, sclerotik pada corpus vert.cervicali\r\n\r\n- DIV tak menyempit\r\n\r\nKelengkungan vert.cervical melurus\r\n\r\nTak tampak listesis / kompresi\r\n\r\nTampak multiple minimal osteofit\r\n\r\nTak tampak penyempitan DIV / FIV\r\n\r\nKesan :\r\n\r\n- Paraspinal musculospasme\r\n\r\n- Spondylosis vert.cervical\r\n\r\n- Kelengk\nungan baik','2016-06-20 15:16:24',3),(38,'V.Cervical 3 Posisi ','0.0000','0.0000',1,'Kesan :\r\n\r\n- Tak tampak lesi litik dan sclerotic pada corpus vertebrae cervicalis\r\n\r\n- Kelengkungan melurus\r\n\r\n- DIV tak menyempit\r\n\r\nKelengkungan Vert.Cervicalis melurus\r\n\r\nTidak tampak listesis / kompresi\r\n\r\nMinimal osteofit sistem os Vert.Cervicalis\r\n\r\nKesan :\r\n\r\n- Spondylosis Vert.Cervicalis\r\n\r\n- Paraspinal musculospasme','Kesan :\r\n\r\n- Tak tampak lesi litik dan sclerotic pada corpus vertebrae cervicalis\r\n\r\n- Kelengkungan melurus\r\n\r\n- DIV tak menyempit\r\n\r\nKelengkungan Vert.Cervicalis melurus\r\n\r\nTidak tampak listesis / kompresi\r\n\r\nMinimal osteofit sistem os Vert.Cervicalis\r\n\r\nKesan :\r\n\r\n- Spondylosis Vert.Cervicalis\r\n\r\n- Paraspinal musculospasme','2016-04-24 08:15:10',3),(39,'V.Cervical 4 Posisi ','0.0000','0.0000',1,'Multiple osteofit sistem os vert.cervical\r\n\r\nTampak multiple penyempitan DIV dan FIV\r\n\r\nTampak penebalan subchondral VC.VII\r\n\r\nTak tampak listesis / kompresi \r\n\r\nKesan :\r\n\r\n- Spondyloarthrosis sistem os VC dengan penyempitan DIF / FIV\r\n\r\n- Susp osteoblastule VC.VII DD/ Discitis, metastase ( ? ) ','Multiple osteofit sistem os vert.cervical\r\n\r\nTampak multiple penyempitan DIV dan FIV\r\n\r\nTampak penebalan subchondral VC.VII\r\n\r\nTak tampak listesis / kompresi \r\n\r\nKesan :\r\n\r\n- Spondyloarthrosis sistem os VC dengan penyempitan DIF / FIV\r\n\r\n- Susp osteoblastule VC.VII DD/ Discitis, metastase ( ? ) ','2017-03-03 11:13:27',3),(40,'V.Lumbal 4 Posisi ','0.0000','0.0000',1,NULL,NULL,'2017-03-03 11:14:38',3),(41,'V.Thoracal 4 Posisi ','0.0000','0.0000',1,'Foto vertebrae thoracalis AP-Lateral :\r\n     Curve dan alignment dalam batas normal.\r\n     Corpus  vertebrae thoracalis dalam batas normal.\r\n     Discus dan foramen intervertebralis tidak  menyempit.\r\n     Paedicle dalam batas normal.\r\n     Tidak tampak fraktur, lesi litik maupun sklerotik.\r\n     Tidak tampak osteofit. \r\nConcl :\r\n     Tidak tampak kelainan pada vertebrae thoracalis.','Foto vertebrae thoracalis AP-Lateral :\r\n     Curve dan alignment dalam batas normal.\r\n     Corpus  vertebrae thoracalis dalam batas normal.\r\n     Discus dan foramen intervertebralis tidak  menyempit.\r\n     Paedicle dalam batas normal.\r\n     Tidak tampak fraktur, lesi litik maupun sklerotik.\r\n     Tidak tampak osteofit. \r\nConcl :\r\n     Tidak tampak kelainan pada vertebrae thoracalis.','2017-03-03 11:15:15',3),(42,'Wrist Joint Anak AP Lat ','0.0000','0.0000',1,'Foto wrist joint sinistra/dextra :\r\n     Tulang pembentuk wrist joint dextra/sinistra dalam batas normal\r\n     Sela dan permukaan sendi tidak menyempit\r\n     Tidak tampak garis fraktur, osteofit, lesi litik maupun sklerotik\r\n     Jaringan lunak tampak normal.\r\nConcl  :\r\n     Tidak tampak kelainan pada wrist sinistra/dextra.\r\nFracture os radius dextra distal komplit impacted\r\n\r\nAligment dan aposisi kurang\r\n\r\nSubluksasi os ulna dextra distal kearah dorsum','Foto wrist joint sinistra/dextra :\r\n     Tulang pembentuk wrist joint dextra/sinistra dalam batas normal\r\n     Sela dan permukaan sendi tidak menyempit\r\n     Tidak tampak garis fraktur, osteofit, lesi litik maupun sklerotik\r\n     Jaringan lunak tampak normal.\r\nConcl  :\r\n     Tidak tampak kelainan pada wrist sinistra/dextra.\r\nFracture os radius dextra distal komplit impacted\r\n\r\nAligment dan aposisi kurang\r\n\r\nSubluksasi os ulna dextra distal kearah dorsum','2017-03-03 11:16:35',3),(43,'Wrist Joint AP Lat ','0.0000','0.0000',1,'Foto wrist joint sinistra/dextra :\r\n     Tulang pembentuk wrist joint dextra/sinistra dalam batas normal\r\n     Sela dan permukaan sendi tidak menyempit\r\n     Tidak tampak garis fraktur, osteofit, lesi litik maupun sklerotik\r\n     Jaringan lunak tampak normal.\r\n\r\nConcl  :\r\n     Tidak tampak kelainan pada wrist sinistra/dextra.\r\n\r\nTerpasang gip semi sirkuler dengan dua buah pin pada os radius sinistra distal dengan post fracture os radius sinistra distal\r\n\r\nkesan :\r\n\r\n- Terpasang orif pada os radius dan os ulna sinistra pada 1/3 tengah\r\n\r\n- Masih tampak garis fracture os radius dan os ulna sinistra pada 1/3 tengah\r\n\r\n- Aposisi dan aligment baik\r\n\r\n- Callus minimal\r\n\r\n- Union fracture os radius dextra 1/3 distal dengan angulasi\r\n\r\n- Non union fracture os ulna sinistra dengan posisi fragmen proximal deviasi ke dorsal\r\n\r\n- Tidak tampak kelainan pada wrist dextra.\r\n\r\n- Soft tissue swelling (+)\r\n\r\nFraktu\nr os radius dextra 1/3 distal komplit, impacted\r\n\r\n\r\nMinimal fissure os radius dextra distal\r\n\r\nAposisi dan aligment baik\r\n\r\nMinimal suluksasi os ulna dextra distal ke arah dorsum\r\n\r\n','Foto wrist joint sinistra/dextra :\r\n     Tulang pembentuk wrist joint dextra/sinistra dalam batas normal\r\n     Sela dan permukaan sendi tidak menyempit\r\n     Tidak tampak garis fraktur, osteofit, lesi litik maupun sklerotik\r\n     Jaringan lunak tampak normal.\r\nConcl  :\r\n     Tidak tampak kelainan pada wrist sinistra/dextra.\r\n\r\nTerpasang gip semi sirkuler dengan dua buah pin pada os radius sinistra distal dengan post fracture os radius sinistra distal\r\n\r\nkesan :\r\n\r\n- Terpasang orif pada os radius dan os ulna sinistra pada 1/3 tengah\r\n\r\n- Masih tampak garis fracture os radius dan os ulna sinistra pada 1/3 tengah\r\n\r\n- Aposisi dan aligment baik\r\n\r\n- Callus minimal\r\n\r\n- Union fracture os radius dextra 1/3 distal dengan angulasi\r\n\r\n- Non union fracture os ulna sinistra de\nngan posisi fragmen proximal deviasi ke dorsal\r\n\r\n- Tidak tampak kelainan pada wrist dextra.\r\n\r\n- Soft tissue swelling (+)\r\n\r\nFraktur os radius dextra 1/3 distal komplit, impacted\r\n\r\n\r\nMinimal fissure os radius dextra distal\r\n\r\nAposisi dan aligment baik\r\n\r\nMinimal suluksasi os ulna dextra distal ke arah dorsum\r\n','2017-02-11 13:36:42',3),(44,'Oesofagusgrafi','0.0000','0.0000',1,NULL,NULL,NULL,3),(45,'OMD','0.0000','0.0000',1,'- Oesofagus terlumuri kontras, Pasase lancar, Kaliber dilatasi ringan, Dinding mukosa irreguler.\r\n  Tak tampak filling defect, additional defect maupun indentasi\r\n\r\n- Maag terlumuri kontras, dinding mukosa licin, pasase lancar, struktur mukosa reguler.\r\n  Filling defect ( - ) Additional defect ( - ) Indentasi ( - ), Pada full filling three level sign ( - )\r\n\r\n- Duodenum terlumuri kontras, pasase lancar, filling defect ( - ) additional defect ( - ) indentasi ( - )\r\n  C - loop tak melebar\r\n\r\nKesan :',NULL,'2016-08-15 12:25:16',3),(46,'Appendicogram','0.0000','0.0000',1,'Kesan : \r\n\r\n- Non filling appendicogram\r\n\r\n- Barium loop masih prominent\r\n\r\nTampak pengisian di coecum cukup\r\n\r\nTak tampak pengisian pada appendix\r\n\r\nKesan :\r\n\r\n- Non filling appendix DD/ Appedicitis\r\n\r\nTampak distensi sistem usus halus dengan penebalan dinding usus\r\n\r\nTampak kontras sampai sistem jejenum\r\n\r\nTak tampak pengisian pada appendix\r\n\r\nKesan :\r\n\r\n- Mengarah ileus obstruksi letak tinggi\r\n','Tampak pengisian di coecum cukup\r\n\r\nTak tampak pengisian pada appendix\r\n\r\nKesan :\r\n\r\n- Non filling appendix DD/ Appedicitis\r\n\r\nTampak distensi sistem usus halus dengan penebalan dinding usus\r\n\r\nTampak kontras sampai sistem jejenum\r\n\r\nTak tampak pengisian pada appendix\r\n\r\nKesan :\r\n\r\n- Mengarah ileus obstruksi letak tinggi','2016-04-27 10:31:00',3),(47,'Colon In Loop','0.0000','0.0000',1,'Pasase kontras lancar sampai coecum\r\nTampak kaliber mengecil, haustra dan incisura sigmoid,colon descenden transversum berkurang\r\nTampak redundant sigmoid\r\n\r\nKesan :\r\n\r\n- Sigmoiditis,colitis colon descenden,tranversum\r\n\r\n- Redundant sigmoid\r\n\r\n- Tak tampak tanda - tanda massa malignancy pada sistem colon\r\n\r\nBNO	: Udara usus dan fecal material prominent\r\n\r\n\r\nCIL	: Pasase kontras hanya sampai colon transversum pars fleksura hepatika\r\n	  Pada penambahan kontras pasien kesakitan\r\n	  Tampak redundant colon transversum\r\n	  Tampak haustrae dan incisura colon descenden dan transversum\r\n\r\nKesan :\r\n\r\n- Mengarah colitis colon descendens dan transversum\r\n\r\n- Redundant colon transversum\r\n\r\n- Meteorismus','Pasase kontras lancar sampai coecum\r\nTampak kaliber mengecil, haustra dan incisura sigmoid,colon descenden transversum berkurang\r\nTampak redundant sigmoid\r\n\r\nKesan :\r\n\r\n- Sigmoiditis,colitis colon descenden\n,tranversum\r\n\r\n- Redundant sigmoid\r\n\r\n- Tak tampak tanda - tanda massa malignancy pada sistem colon','2016-06-27 17:02:58',3),(49,'Cystografi','0.0000','0.0000',1,'Tampak kontras mengisi VU , mukosa irreguler\r\n\r\nTak tampak additional / filling defect\r\n\r\nKesan :\r\n\r\n- Cystitis','Tampak kontras mengisi VU , mukosa irreguler\r\n\r\nTak tampak additional / filling defect\r\n\r\nKesan :\r\n\r\n- Cystitis','2017-03-03 11:01:45',3),(58,'SPN','0.0000','0.0000',1,'Tampak perselubungan semiopak di sinus maksilaris sinistra dan etmoid bilateral\r\n\r\nKesan :\r\n\r\n- Sinusitis maksilaris sinistra \r\n\r\n- Sinusitis ethmoidalis bilateral','Tampak perselubungan semiopak di sinus maksilaris sinistra dan etmoid bilateral\r\n\r\nKesan :\r\n\r\n- Sinusitis maksilaris sinistra \r\n\r\n- Sinusitis ethmoidalis bilateral','2016-04-01 19:00:16',3),(59,'Barium Sulfat 300 gr','0.0000','0.0000',1,NULL,NULL,'2016-04-07 08:15:00',3),(61,'Ankle Joint','0.0000','0.0000',1,'- Tak tampak fracture pada ossa ankle joint sinistra / dextra\r\n\r\n- soft tissue sweling ( + ) / ( - )\r\n\r\n- Terpasang gip semisirkuler dan pin 2 buah dengan post fracture os tibia dextra 1/3 distal\r\n\r\n- aligment dan aposisi baik\r\nfracture pada ossa fibula dextra distal komplit\r\n\r\nSpur formation os calcaneus sinistra aspek posterior - inferior\r\n\r\nfracture maleolus medial os tibia  dextra  komplit\r\n\r\naligment dan aposisi kurang\r\n\r\nPost fracture pada os fibula dextra distal \r\n\r\naligment dan aposisi cukup\r\n\r\nTerpasang dua buah pin dengan post fracture os tibia dextra distal\r\n\r\naligment dan aposisi baik\r\n\r\nKesan : \r\n\r\n- Sistem ossa ankle joint  dextra intak','- Tak tampak fracture pada ossa ankle joint sinistra / dextra\r\n\r\n- soft tissue sweling ( + ) / ( - )\r\n\r\n- Terpasang gip semisirkuler dan pin 2 buah dengan post fracture os tibia dextra 1/3 distal\r\n\r\n- aligment dan aposisi baik\r\nfracture pada ossa fibu\nla dextra distal komplit\r\n\r\naligment dan aposisi kurang\r\n\r\nKesan : \r\n\r\n- Sistem ossa ankle joint  dextra intak\r\n\r\nPost fracture pada os fibula dextra distal \r\n\r\nSpur formation os calcaneus sinistra aspek posterior - inferior\r\n\r\nTerpasang dua buah pin dengan post fracture os tibia dextra distal\r\n\r\naligment dan aposisi baik\r\n\r\n\r\nfracture maleolus medial os tibia  dextra  komplit\r\n\r\naligment dan aposisi kurang','2016-04-07 11:17:53',3),(62,'Costae ','0.0000','0.0000',1,'Frakture os costae 4,5,6 sin, komplet aspek post,aligment dan aposisi cukup\r\n\r\nFrakture os clavicula sin 1/3 medial komplit,aligment dan aposisi kurang\r\n\r\nEmfisema sub cutis dinding thorax sinistra aspek lateral\r\n\r\nMengarah contusio pulmo sin dengan hemato thorax sin\r\n\r\nBesar cor normal\r\n\r\nSaran : Foto 6 - 8 jam \r\n            \r\n             Follow up\r\n\r\nCorakan bronkhovascular bertambah\r\n\r\nSinus CF ka/ki lancip, diafragma ka/ki licin\r\n\r\nCor CTR < 0,55\r\n\r\nSistem os costae intak \r\n\r\nKesan :\r\n\r\n- Bronchitis dan besar cor normal','Frakture os costae 4,5,6 sin, komplet aspek post,aligment dan aposisi cukup\r\n\r\nFrakture os clavicula sin 1/3 medial komplit,aligment dan aposisi kurang\r\n\r\nEmfisema sub cutis dinding thorax sinistra aspek lateral\r\n\r\nMengarah contusio pulmo sin dengan hemato thorax sin\r\n\r\nBesar cor normal\r\n\r\nSaran : Foto 6 - 8 jam \r\n            \r\n             Follow up\r\nCorakan bronkhovasc\nular bertambah\r\n\r\nSinus CF ka/ki lancip, diafragma ka/ki licin\r\n\r\nCor CTR < 0,55\r\n\r\nSistem os costae intak \r\n\r\nKesan :\r\n\r\n- Bronchitis dan besar cor normal','2016-04-07 13:58:51',3),(63,'Barium Sulfat 100 gr','0.0000','0.0000',1,NULL,NULL,'2016-04-08 19:16:17',3),(64,'USG ABDOMEN RANAP','0.0000','0.0000',3,'Hepar         : Tak membesar, homoechoic, IHBD tak Prominent, Massa / Nodul ( - ), Ascites ( - )\r\n\r\nVesica felea : Dinding tak menebal, internal echo ( - ), Batu ( - )\r\n\r\nLien           : Tak membesar, Homo echoic\r\n\r\nRen           :  Kedua Ren tak ada kelainan, batu ( - )\r\n\r\nHepar, VF, Lien, Ren : Tak ada kelainan\r\n\r\nKesan        : Tak Tampak Kelainan pada organ diatas\r\nKesan        : Caliectasis ringan ren\r\n\r\nTak tampak massa pada regio appendix\r\n\r\nProstat : Sedikit membesar, normo echoic, kalsifikasi (-)\r\n\r\nKesan :\r\n\r\nNon visualized VF D.D : contracted e.c Cholecystitis\r\n\r\nBPH ringan','Hepar : Tak membesar,normo echoic, IHBD tak Prominen, Massa / Nodul (-), Ascites (-)\r\n\r\nVF      : Dinding tak menebal, internal echo (-) batu (-)\r\n\r\nLien   : Tak membesar, normoechoic\r\n\r\nRen   : Kedua ren tak ada kelainan, Batu (-)\r\n\r\nKesan :\r\n\r\nTak tampak kelainan pada organ tersebut diatas\r\n\r\nTak tampak \nmassa pada regio appendix\r\n\r\nProstat : Sedikit membesar, normo echoic, kalsifikasi (-)\r\n\r\nKesan :\r\n\r\nNon visualized VF D.D : contracted e.c Cholecystitis\r\n\r\nBPH ringan','2016-04-11 15:10:02',3),(65,'Sacrum','0.0000','0.0000',1,NULL,NULL,'2016-04-11 19:08:00',3),(67,'Clavicula','0.0000','0.0000',1,'- Terpasang Orif pada os Clavicula Sinistra\r\n- Masih tampak garis fracture os clavicula sinistra 1/3 distal\r\n- Aposisi dan Alignment cukup baik\r\n\r\nTerpasang plate and screw dengan post fracture os clavicula dextra 1/3 medial\r\n\r\nalignment dan aposisi baik\r\nTidak tampak fraiktur / dislokasi sistem os shoulder joint sinistra\r\n\r\nFracture os clavicula sin 1/3 medial komplit','Terpasang plate and screw dengan post fracture os clavicula dextra 1/3 medial\r\n\r\nalignment dan aposisi baik\r\n\r\n- Terpasang Orif pada os Clavicula Sinistra\r\n- Masih tampak garis fracture os clavicula sinistra 1/3 distal\r\n- Aposisi dan Alignment cukup baik\r\nTidak tampak fraiktur / dislokasi sistem os shoulder joint sinistra\r\n\r\nFracture os clavicula sin 1/3 medial komplit','2016-04-15 13:35:08',3),(68,'Cranium AP','0.0000','0.0000',1,NULL,NULL,'2016-04-22 19:11:03',3),(69,'Gigi','0.0000','0.0000',1,NULL,NULL,'2016-04-24 17:33:05',3),(70,'OMNIPAQUE 300 mg / 50 ml','0.0000','0.0000',1,NULL,NULL,'2016-04-27 19:37:55',3),(71,'BNO-IVP','0.0000','0.0000',1,'BNO   : Opasitas di cavum pelvis uk lk 2 cm\r\n\r\nKesan : Vesicolithiasis\r\n\r\nIVP 5 - 15 - 30 Menit\r\n\r\nNefrogram ren ka/ki serentak\r\n\r\nSPC ren ka / ki cupping, kaliber kedua ureter normal\r\n\r\nVU terisi kontras, tampak opasitas terlumuri kontras dinding irreguler\r\n\r\nPost mixie residu urine minimal \r\n\r\nKesan :\r\n\r\n- Vesicolithiasis\r\n\r\n- Fungsi ekresi dan sekresi kedua ren normal\r\n\r\n- Cystitis dengan fungsi voiding baik','BNO   : Opasitas di cavum pelvis uk lk 2 cm\r\n\r\nKesan : Vesicolithiasis\r\n\r\nIVP 5 - 15 - 30 Menit\r\n\r\nNefrogram ren ka/ki serentak\r\n\r\nSPC ren ka / ki cupping, kaliber kedua ureter normal\r\n\r\nVU terisi kontras, tampak opasitas terlumuri kontras dinding irreguler\r\n\r\nPost mixie residu urine minimal \r\n\r\nKesan :\r\n\r\n- Vesicolithiasis\r\n\r\n- Fungsi ekresi dan sekresi kedua ren normal\r\n\r\n- Cystitis dengan fungsi voiding baik','2016-04-27 19:39:07',3),(72,'Spuit 3 cc','0.0000','0.0000',1,NULL,NULL,'2016-04-28 08:16:28',3),(73,'Spuit 20 cc','0.0000','0.0000',1,NULL,NULL,'2016-04-28 08:17:10',3),(76,'femur Dex at Sin','0.0000','0.0000',1,NULL,NULL,'2016-04-28 17:16:19',3),(77,'Cruris ','0.0000','0.0000',1,'Cruris dextra AP / LAT\r\n\r\nUnion old fracture os tibia dextra 1/3 proksimal dengan terpasang plate and screw\r\n\r\nMinimal angulasi union old fracture os tibia dextra 1/3 proksimal center angulasi\r\n\r\nJoint space genu dextra menyempit dan irreguler\r\n\r\nTerpasang plate and screw dengan post fractur os tibia sin 1/3 distal\r\n\r\naligment dan aposisi baik\r\nTidak tampak fraktur / dislokasi sistem os cruris dextra\r\n\r\nKesan :\r\n\r\nSiitem os cruris dextra intak\r\n\r\nAligment dan aposisi baik\r\n\r\ncallus baik','Cruris dextra AP / LAT\r\n\r\nUnion old fracture os tibia dextra 1/3 proksimal dengan terpasang plate and screw\r\n\r\nMinimal angulasi union old fracture os tibia dextra 1/3 proksimal center angulasi\r\n\r\nJoint space genu dextra menyempit dan irreguler\r\n\r\nTerpasang plate and screw dengan post fractur os tibia sin 1/3 distal\r\n\r\naligment dan aposisi baik\r\nTidak tampak fraktur / dislokasi sistem os cruris dextra\r\n\r\nKesan :\r\n\r\n\nSiitem os cruris dextra intak\r\n\r\nAligment dan aposisi baik\r\n\r\ncallus baik','2016-05-10 16:45:03',3),(78,'elbow joint ','0.0000','0.0000',1,'Fraktur supracondyler os humerus sin, inkomplit\r\n\r\nAlignment dan Aposisi baik\r\n\r\nTak tampak Fraktur/dislokasi sistem os elbow joint sin\r\n\r\nKesan :\r\n\r\n- sistem os elbow joint sin intak','Fraktur supracondyler os humerus sin, inkomplit\r\n\r\nAlignment dan Aposisi baik\r\n\r\nTak tampak Fraktur/dislokasi sistem os elbow joint sin\r\n\r\nKesan :\r\n\r\n- sistem os elbow joint sin intak','2016-05-28 16:32:25',3),(82,'Cruris Anak','0.0000','0.0000',1,'Fracture os tibia dextra 1/3 medial distal komplit\r\n\r\nAligment dan aposisi baik','Fracture os tibia dextra 1/3 medial distal komplit\r\n\r\nAligment dan aposisi baik','2017-06-30 08:26:50',3),(83,'Femur AP/LAT','0.0000','0.0000',1,'Terpasang internal fiksasi dengan post fraktur os femur dextra distal\r\n\r\nAlignment dan Aposisi cukup\r\n\r\nTak tampak fracture / dislokasi sistem os femur sin\r\n\r\nKesan :\r\n\r\nSisitem os femur sin intak','Terpasang internal fiksasi dengan post fraktur os femur dextra distal\r\n\r\nAlignment dan Aposisi cukup\r\n\r\nTak tampak fracture / dislokasi sistem os femur sin\r\n\r\nKesan :\r\n\r\nSisitem os femur sin intak','2017-08-01 09:24:27',3),(84,'Knee Joint Dex Sin','0.0000','0.0000',1,'Multiple osteofit sistem os genu dextra\r\n\r\nJoint space menyempit\r\n\r\nFacies articularis irreguler\r\n\r\nKesan :\r\n\r\n- OA genu dextra - sininstra','Multiple osteofit sistem os genu dextra\r\n\r\nJoint space menyempit\r\n\r\nFacies articularis irreguler\r\n\r\nKesan :\r\n\r\n- OA genu dextra - sininstra','2017-08-04 08:06:21',3),(86,'Calcaneus','0.0000','0.0000',NULL,NULL,NULL,'2017-08-05 16:24:12',3),(88,'Tambah film 24 x 30 cm','0.0000','0.0000',1,NULL,NULL,'2017-09-29 16:38:35',3),(89,'Colon Set','0.0000','0.0000',1,NULL,NULL,'2017-10-06 09:49:55',3),(90,'Tambah Film uk 30 x 40 cm','0.0000','0.0000',1,NULL,NULL,'2017-10-09 08:38:18',3),(91,'Ureterografi','0.0000','0.0000',1,'Tampak kontras hanya bisa masuk sampai uretra pars bulbosa, lk 5 cc kemudian kentras  refluk keluar\r\n\r\nTampak samar ujung kontras meruncing\r\n\r\nKesan :\r\n\r\n- Mengarah strikture uretra pars bulbosa','Tampak kontras hanya bisa masuk sampai uretra pars bulbosa, lk 5 cc kemudian kentras  refluk keluar\r\n\r\nTampak samar ujung kontras meruncing\r\n\r\nKesan :\r\n\r\n- Mengarah strikture uretra pars bulbosa','2017-10-26 09:29:42',3),(92,'Abbocath 20','0.0000','0.0000',1,NULL,NULL,'2017-10-26 09:30:58',3),(93,'Konsul baca foto polos','0.0000','0.0000',1,NULL,NULL,'2017-11-08 14:21:23',3),(95,'USG RALAN','0.0000','0.0000',3,NULL,NULL,'2018-02-20 17:24:45',3),(96,'Pedis AP Obilque Dex et Sin','0.0000','0.0000',1,'Tak tampak fraktur / dislokasi sistem os pedis dextra et sinistra','Tak tampak fraktur / dislokasi sistem os pedis dextra et sinistra','2018-02-28 16:30:13',3);

/*Table structure for table `rad_pasienluar` */

DROP TABLE IF EXISTS `rad_pasienluar`;

CREATE TABLE `rad_pasienluar` (
  `notest` varchar(20) NOT NULL,
  `namapasien` varchar(50) DEFAULT NULL,
  `alamat` varchar(60) DEFAULT NULL,
  `jeniskelamin` enum('laki-laki','perempuan') DEFAULT NULL,
  `tgllahir` date DEFAULT NULL,
  `telepon` varchar(50) DEFAULT NULL,
  PRIMARY KEY (`notest`) USING BTREE
) ENGINE=InnoDB DEFAULT CHARSET=utf8 AVG_ROW_LENGTH=16384;

/*Data for the table `rad_pasienluar` */

insert  into `rad_pasienluar`(`notest`,`namapasien`,`alamat`,`jeniskelamin`,`tgllahir`,`telepon`) values ('PPR00000001','Pasien R001','Alamat A','perempuan','2017-01-02',NULL),('PPR00000002','Pasien R002','Alamat B','laki-laki','2000-01-02',NULL),('PPR00000003','Pasien R003','Alamat C','laki-laki','2017-01-04',NULL),('PPR00000004','Pasien R004','Alamat D','perempuan','2001-09-01',NULL),('PPR00000005','Pasien R005','Alamat E','perempuan','2002-01-11',NULL);

/*Table structure for table `rad_test` */

DROP TABLE IF EXISTS `rad_test`;

CREATE TABLE `rad_test` (
  `notest` varchar(20) NOT NULL,
  `nodaftar` varchar(20) DEFAULT NULL,
  `tgltest` datetime DEFAULT NULL,
  `norm` varchar(10) DEFAULT NULL,
  `idkaryawan` varchar(20) DEFAULT NULL,
  `iddokter_periksa` varchar(20) DEFAULT NULL,
  `iddokter_kirim` varchar(20) DEFAULT NULL,
  `dokterluar` varchar(50) DEFAULT NULL,
  `keterangan` text,
  `statushasil` tinyint(1) DEFAULT '0',
  `iduser` int(11) DEFAULT NULL,
  `jenisrawat` enum('rawat jalan','rawat inap','pasien luar') DEFAULT 'rawat jalan',
  `cito` tinyint(1) DEFAULT '0',
  `kodepoli` varchar(5) DEFAULT NULL,
  `tgledit` timestamp NULL DEFAULT CURRENT_TIMESTAMP,
  `kodekamar` varchar(5) DEFAULT NULL,
  `tglambil` datetime DEFAULT NULL,
  `terbayar` tinyint(1) DEFAULT '0',
  `diagnosa` text,
  PRIMARY KEY (`notest`) USING BTREE
) ENGINE=InnoDB DEFAULT CHARSET=utf8 AVG_ROW_LENGTH=115;

/*Data for the table `rad_test` */

/*Table structure for table `rad_testdetail` */

DROP TABLE IF EXISTS `rad_testdetail`;

CREATE TABLE `rad_testdetail` (
  `notest` varchar(20) NOT NULL,
  `iditemrad` int(11) NOT NULL,
  `nourut` int(11) NOT NULL,
  `biaya` decimal(19,4) DEFAULT NULL,
  `dokterbaca` text,
  `kilovolt` decimal(19,4) DEFAULT '0.0000',
  `milliamperesecond` decimal(19,4) DEFAULT '0.0000',
  `expose` int(11) DEFAULT '0',
  `idklaim` int(11) NOT NULL DEFAULT '0',
  PRIMARY KEY (`notest`,`iditemrad`,`nourut`) USING BTREE
) ENGINE=InnoDB DEFAULT CHARSET=utf8 AVG_ROW_LENGTH=328;

/*Data for the table `rad_testdetail` */

/*Table structure for table `rad_testfile` */

DROP TABLE IF EXISTS `rad_testfile`;

CREATE TABLE `rad_testfile` (
  `notest` varchar(20) NOT NULL,
  `idfile` int(11) NOT NULL AUTO_INCREMENT,
  `namafile` varchar(50) DEFAULT NULL,
  `nama_field` varchar(230) DEFAULT NULL,
  `tgledit` timestamp NULL DEFAULT CURRENT_TIMESTAMP,
  PRIMARY KEY (`notest`,`idfile`) USING BTREE,
  KEY `idfile` (`idfile`) USING BTREE
) ENGINE=InnoDB DEFAULT CHARSET=utf8;

/*Data for the table `rad_testfile` */

/*Table structure for table `rad_testfilm` */

DROP TABLE IF EXISTS `rad_testfilm`;

CREATE TABLE `rad_testfilm` (
  `notest` varchar(20) NOT NULL,
  `iditemrad` int(11) NOT NULL,
  `idfilm` int(11) NOT NULL,
  `digunakan` int(11) DEFAULT '0',
  `ditolak` int(11) DEFAULT '0',
  PRIMARY KEY (`notest`,`iditemrad`,`idfilm`) USING BTREE
) ENGINE=InnoDB DEFAULT CHARSET=utf8 AVG_ROW_LENGTH=74;

/*Data for the table `rad_testfilm` */

/*Table structure for table `satuan` */

DROP TABLE IF EXISTS `satuan`;

CREATE TABLE `satuan` (
  `idsatuan` int(11) NOT NULL,
  `namasatuan` varchar(20) DEFAULT NULL,
  `tgledit` timestamp NULL DEFAULT CURRENT_TIMESTAMP,
  PRIMARY KEY (`idsatuan`) USING BTREE
) ENGINE=InnoDB DEFAULT CHARSET=utf8 AVG_ROW_LENGTH=210;

/*Data for the table `satuan` */

insert  into `satuan`(`idsatuan`,`namasatuan`,`tgledit`) values (0,NULL,'2016-02-19 11:42:52'),(1,'/100 Lekosit',NULL),(2,'UA/ml',NULL),(3,'UI/ml',NULL),(4,'S/N',NULL),(5,'S/CO',NULL),(6,'AB INDEX',NULL),(7,'INDEX',NULL),(8,'DU',NULL),(9,'Copies/ml',NULL),(10,'% mati',NULL),(11,'unit',NULL),(12,'permil',NULL),(13,'M2',NULL),(14,'juta/uL',NULL),(15,'juta/mm^3',NULL),(16,'juta/mL',NULL),(17,'juta/Ejrootlasi',NULL),(18,'U/L 30\'C',NULL),(19,'hari',NULL),(20,'jam',NULL),(21,'menit',NULL),(22,'detik',NULL),(23,'cm',NULL),(24,'plp',NULL),(25,'/lpk',NULL),(26,'/lpb',NULL),(27,'U/gHb',NULL),(28,'U/24jam',NULL),(29,'sel/uL',NULL),(30,'ribu/uL',NULL),(31,'pmol/L',NULL),(32,'mu/L',NULL),(33,'g/24jam',NULL),(34,'KU/L',NULL),(35,'Kg',NULL),(36,'fL',NULL),(37,'pg/mL',NULL),(38,'pg',NULL),(39,'IU/mL',NULL),(40,'IU/L',NULL),(41,'mm/jam',NULL),(42,'mm Hg',NULL),(43,'mmol/dL',NULL),(44,'mmol/L',NULL),(45,'ug/mL',NULL),(46,'ug/dL',NULL),(47,'U/mL',NULL),(48,'U/L',NULL),(49,'ng/mL',NULL),(50,'ng/dL',NULL),(51,'ng/L',NULL),(52,'m\nIU/mL',NULL),(53,'mIU/L',NULL),(54,'mEg/24jam',NULL),(55,'mEg/L',NULL),(56,'mL/menit',NULL),(57,'mL/24jam',NULL),(58,'mL',NULL),(59,'mg/24jam',NULL),(60,'mg/mL',NULL),(61,'mg/L',NULL),(62,'g/L',NULL),(63,'g/dL',NULL),(64,'mg/dL',NULL),(65,'%',NULL),(66,'/uL',NULL),(67,'U/L 37\'C',NULL),(68,'mOsm/KgH2O',NULL),(69,'M osme/L',NULL),(70,'mOsm/Kg',NULL),(71,'u mol/L',NULL),(72,'mAU/ml',NULL),(73,'mg%',NULL),(74,'cc/menit',NULL),(75,'cc',NULL),(76,'ribu/mm3',NULL),(77,'10e3/uL',NULL);

/*Table structure for table `setting` */

DROP TABLE IF EXISTS `setting`;

CREATE TABLE `setting` (
  `nama` varchar(20) NOT NULL,
  `nilai` blob,
  PRIMARY KEY (`nama`) USING BTREE
) ENGINE=InnoDB DEFAULT CHARSET=utf8 AVG_ROW_LENGTH=24576;

/*Data for the table `setting` */

insert  into `setting`(`nama`,`nilai`) values ('company','NamaKLINIK PRATAMA RAWAT INAP GRIYA SARAS\r\nAlamatBRUNO KULON 002/004 BRUNOREJO\r\nTelp6675\r\nFax\r\nPimpinan\r\n'),('logo',''),('numeric','NamaKLINIK PRATAMA RAWAT INAP GRIYA SARAS\r\nAlamatBRUNO KULON 002/004 BRUNOREJO\r\nTelp6675\r\nFax\r\nPimpinan\r\n');

/*Table structure for table `tempnomor` */

DROP TABLE IF EXISTS `tempnomor`;

CREATE TABLE `tempnomor` (
  `idnomor` int(11) NOT NULL,
  `tabel` varchar(20) DEFAULT NULL,
  `noakhir` int(11) DEFAULT NULL,
  `prefix` varchar(5) DEFAULT NULL,
  PRIMARY KEY (`idnomor`) USING BTREE,
  UNIQUE KEY `prefix` (`prefix`) USING BTREE
) ENGINE=InnoDB DEFAULT CHARSET=utf8 AVG_ROW_LENGTH=8192;

/*Data for the table `tempnomor` */

insert  into `tempnomor`(`idnomor`,`tabel`,`noakhir`,`prefix`) values (1,'Lab-Pemeriksaan',12104,'PPL'),(2,'Rad-Pemeriksaan',26199,'PPR');

/*Table structure for table `user` */

DROP TABLE IF EXISTS `user`;

CREATE TABLE `user` (
  `iduser` int(11) NOT NULL AUTO_INCREMENT,
  `uname` varchar(20) DEFAULT NULL,
  `nama` varchar(40) DEFAULT NULL,
  `idkaryawan` int(11) DEFAULT NULL,
  `pwd` varchar(50) DEFAULT NULL,
  `idlevel` int(11) NOT NULL,
  `aktif` tinyint(4) DEFAULT '1',
  `tgledit` timestamp NULL DEFAULT CURRENT_TIMESTAMP,
  PRIMARY KEY (`iduser`) USING BTREE,
  UNIQUE KEY `uname` (`uname`) USING BTREE,
  KEY `idlevel` (`idlevel`) USING BTREE,
  CONSTRAINT `user_level` FOREIGN KEY (`idlevel`) REFERENCES `user_level` (`idlevel`)
) ENGINE=InnoDB AUTO_INCREMENT=4 DEFAULT CHARSET=utf8 AVG_ROW_LENGTH=2340;

/*Data for the table `user` */

insert  into `user`(`iduser`,`uname`,`nama`,`idkaryawan`,`pwd`,`idlevel`,`aktif`,`tgledit`) values (1,'admin','admin',NULL,'d41d8cd98f00b204e9800998ecf8427e',1,1,'2016-04-20 16:35:57'),(2,'Lab','Lab',NULL,'F9664EA1803311B35F81D07D8C9E072D',2,1,'2016-02-19 13:38:29'),(3,'Rad','Rad',NULL,'D41D8CD98F00B204E9800998ECF8427E',3,1,'2016-02-19 13:38:41');

/*Table structure for table `user_hakakses` */

DROP TABLE IF EXISTS `user_hakakses`;

CREATE TABLE `user_hakakses` (
  `idlevel` int(11) NOT NULL DEFAULT '0',
  `idmenu` int(11) NOT NULL,
  `status` tinyint(1) DEFAULT '0',
  `tambah` tinyint(1) DEFAULT '0',
  `ubah` tinyint(1) DEFAULT '0',
  `hapus` tinyint(1) DEFAULT '0',
  `cetak` tinyint(1) DEFAULT '0',
  PRIMARY KEY (`idlevel`,`idmenu`) USING BTREE,
  KEY `idmenu` (`idmenu`) USING BTREE,
  KEY `iduser` (`idlevel`) USING BTREE,
  CONSTRAINT `user_hakakses_level_new` FOREIGN KEY (`idlevel`) REFERENCES `user_level` (`idlevel`) ON DELETE CASCADE ON UPDATE CASCADE
) ENGINE=InnoDB DEFAULT CHARSET=utf8 AVG_ROW_LENGTH=143;

/*Data for the table `user_hakakses` */

insert  into `user_hakakses`(`idlevel`,`idmenu`,`status`,`tambah`,`ubah`,`hapus`,`cetak`) values (1,1,1,1,1,1,1),(1,2,1,1,1,1,1),(1,3,1,1,1,1,1),(1,4,1,1,1,1,1),(1,5,1,1,1,1,1),(1,6,1,1,1,1,1),(1,7,1,1,1,1,1),(1,8,1,1,1,1,1),(1,9,1,1,1,1,1),(1,10,1,1,1,1,1),(1,11,1,1,1,1,1),(1,12,1,1,1,1,1),(1,13,1,1,1,1,1),(1,14,1,1,1,1,1),(1,15,1,1,1,1,1),(1,16,1,1,1,1,1),(1,17,1,1,1,1,1),(1,18,1,1,1,1,1),(1,19,1,1,1,1,1),(1,20,1,1,1,1,1),(1,21,1,1,1,1,1),(1,22,1,1,1,1,1),(1,23,1,1,1,1,1),(1,24,1,1,1,1,1),(1,25,1,1,1,1,1),(1,26,1,1,1,1,1),(1,27,1,1,1,1,1),(1,28,1,1,1,1,1),(1,29,1,1,1,1,1),(1,30,1,1,1,1,1),(1,31,1,1,1,1,1),(1,32,1,1,1,1,1),(1,33,1,1,1,1,1),(1,34,1,1,1,1,1),(1,35,1,1,1,1,1),(1,36,1,1,1,1,1),(1,37,1,1,1,1,1),(1,38,1,1,1,1,1),(2,1,0,0,0,0,0),(2,2,0,0,0,0,0),(2,3,0,0,0,0,0),(2,4,0,0,0,0,0),(2,5,0,0,0,0,0),(2,6,0,0,0,0,0),(2,7,0,0,0,0,0),(2,8,1,1,1,1,1),(2,9,1,1,1,1,1),(2,10,1,1,1,1,1),(2,11,1,1,1,1,1),(2,12,1,1,1,1,1),(2,13,1,1,1,1,1),(2,14,1,1,1,1,1),(2,15,0,0,0,0,0),(2,16,0,0,0,0,0),(2,17,0,0,0,0,0),(2,18,0,0,0,0,0),(2,19,0,0,0,0,0),(2,20,0,0,0,0,0),(2,21,0,0,0,0,0),(2,22,1,1,1,1,1),(2,23,1,1,1,1,1),(2,24,1,1,1,1,1),(2,25,1,1,1,1,1),(2,26,1,1,1,1,1),(2,27,1,1,1,1,1),(2,28,0,0,0,0,0),(2,29,0,0,0,0,0),(2,30,0,0,0,0,0),(2,31,0,0,0,0,0),(2,32,0,0,0,0,0),(2,33,0,0,0,0,0),(2,34,0,0,0,0,0),(2,35,0,0,0,0,0),(2,36,0,0,0,0,0),(2,37,0,0,0,0,0),(2,38,0,0,0,0,0),(3,1,0,0,0,0,0),(3,2,0,0,0,0,0),(3,3,0,0,0,0,0),(3,4,1,1,1,1,1),(3,5,1,1,1,1,1),(3,6,1,1,1,1,1),(3,7,0,0,0,0,0),(3,8,0,0,0,0,0),(3,9,0,0,0,0,0),(3,10,0,0,0,0,0),(3,11,0,0,0,0,0),(3,12,0,0,0,0,0),(3,13,1,1,1,1,1),(3,14,1,1,1,1,1),(3,15,1,1,1,1,1),(3,16,1,1,1,1,1),(3,17,1,1,1,1,1),(3,18,1,1,1,1,1),(3,19,1,1,1,1,1),(3,20,1,1,1,1,1),(3,21,1,1,1,1,1),(3,22,0,0,0,0,0),(3,23,0,0,0,0,0),(3,24,0,0,0,0,0),(3,25,0,0,0,0,0),(3,26,0,0,0,0,0),(3,27,0,0,0,0,0),(3,28,1,1,1,1,1),(3,29,1,1,1,1,1),(3,30,1,1,1,1,1),(3,31,1,1,1,1,1),(3,32,1,1,1,1,1),(3,33,1,1,1,1,1),(3,34,0,0,0,0,0),(3,35,0,0,0,0,0),(3,36,0,0,0,0,0),(3,37,0,0,0,0,0),(3,38,0,0,0,0,0);

/*Table structure for table `user_level` */

DROP TABLE IF EXISTS `user_level`;

CREATE TABLE `user_level` (
  `idlevel` int(11) NOT NULL AUTO_INCREMENT,
  `namalevel` varchar(30) DEFAULT NULL,
  PRIMARY KEY (`idlevel`) USING BTREE
) ENGINE=InnoDB AUTO_INCREMENT=4 DEFAULT CHARSET=utf8 AVG_ROW_LENGTH=5461;

/*Data for the table `user_level` */

insert  into `user_level`(`idlevel`,`namalevel`) values (1,'Superadmin'),(2,'Laboratorium'),(3,'Radiologi');

/* Procedure structure for procedure `lap_labkegiatan` */

/*!50003 DROP PROCEDURE IF EXISTS  `lap_labkegiatan` */;

DELIMITER $$

/*!50003 CREATE DEFINER=`root`@`%` PROCEDURE `lap_labkegiatan`(
        IN `_tglawal` DATE,
        IN `_tglakhir` DATE
    )
BEGIN
  set @dbmedikasoft := (select databasename from namadatabase where appname="medikasoft");
  SET @str := 
  	CONCAT("SELECT g.grup, 
        i.namaitem, i.iditemlab
        ,COUNT(td.iditemlab)jumlahperiksa
        #rawat jalan
        ,(select count(t1.notest)
            from lab_test t1
            left JOIN ",@dbmedikasoft,".rawatjalan rj ON t1.nodaftar=rj.faktur_rawatjalan
            inner join lab_testdetail td1 on td1.notest=t1.notest
            where t1.jenisrawat='rawat jalan'
            and (t1.tgltest between '",_tglawal,"' and '",_tglakhir,"')
            and td1.iditemlab=i.iditemlab
            and (rj.idprsh=1 or ISNULL(rj.faktur_rawatjalan))) rj_jmlumum
        ,(select count(rj.faktur_rawatjalan)
            from ",@dbmedikasoft,".rawatjalan rj
            inner JOIN lab_test t1 ON t1.nodaftar=rj.faktur_rawatjalan
            inner join lab_testdetail td1 on td1.notest=t1.notest
            where t1.jenisrawat='rawat jalan'
            and (t1.tgltest between '",_tglawal,"' and '",_tglakhir,"')
            and td1.iditemlab=i.iditemlab
            and rj.idprsh=6) rj_jmlbpjs
        ,(select count(rj.faktur_rawatjalan)
            from ",@dbmedikasoft,".rawatjalan rj
            inner JOIN lab_test t1 ON t1.nodaftar=rj.faktur_rawatjalan
            inner join lab_testdetail td1 on td1.notest=t1.notest
            where t1.jenisrawat='rawat jalan'
            and (t1.tgltest between '",_tglawal,"' and '",_tglakhir,"')
            and td1.iditemlab=i.iditemlab
            and rj.idprsh not in (1,6)) rj_jmllain
        #rawat inap
        ,(select count(ri.faktur_rawatinap)
            from ",@dbmedikasoft,".rawatinap ri
            inner JOIN lab_test t1 ON t1.nodaftar=ri.faktur_rawatinap
            inner join lab_testdetail td1 on td1.notest=t1.notest
            where t1.jenisrawat='rawat inap'
            and (t1.tgltest between '",_tglawal,"' and '",_tglakhir,"')
            and td1.iditemlab=i.iditemlab
            and ri.idprsh=1) ri_jmlumum
        ,(select count(ri.faktur_rawatinap)
            from ",@dbmedikasoft,".rawatinap ri
            inner JOIN lab_test t1 ON t1.nodaftar=ri.faktur_rawatinap
            inner join lab_testdetail td1 on td1.notest=t1.notest
            where t1.jenisrawat='rawat inap'
            and (t1.tgltest between '",_tglawal,"' and '",_tglakhir,"')
            and td1.iditemlab=i.iditemlab
            and ri.idprsh=6) ri_jmlbpjs
        ,(select count(ri.faktur_rawatinap)
            from ",@dbmedikasoft,".rawatinap ri
            inner JOIN lab_test t1 ON t1.nodaftar=ri.faktur_rawatinap
            inner join lab_testdetail td1 on td1.notest=t1.notest
            where t1.jenisrawat='rawat inap'
            and (t1.tgltest between '",_tglawal,"' and '",_tglakhir,"')
            and td1.iditemlab=i.iditemlab
            and ri.idprsh not in (1,6)) ri_jmllain
        #pasien luar
        ,(select count(t1.notest)
            from lab_test t1
            inner join lab_testdetail td1 on td1.notest=t1.notest
            where t1.jenisrawat='pasien luar'
            and (t1.tgltest between '",_tglawal,"' and '",_tglakhir,"')
            and td1.iditemlab=i.iditemlab) jmlpasienluar
        FROM lab_testdetail td                      
        inner JOIN lab_test t ON td.notest=t.notest 
        inner JOIN lab_itempemeriksaan i ON i.iditemlab=td.iditemlab
        LEFT JOIN lab_grup g ON g.idgrup=i.idgrup                   
        WHERE t.tgltest BETWEEN  '",_tglawal,"' and '",_tglakhir,"'

        GROUP BY iditemlab
        ORDER BY i.idgrup");
  PREPARE stmt3 FROM @str;
  EXECUTE stmt3;

  DEALLOCATE PREPARE stmt3;
END */$$
DELIMITER ;

/* Procedure structure for procedure `lap_radkegiatan` */

/*!50003 DROP PROCEDURE IF EXISTS  `lap_radkegiatan` */;

DELIMITER $$

/*!50003 CREATE DEFINER=`root`@`%` PROCEDURE `lap_radkegiatan`(
        IN `_tglawal` DATE,
        IN `_tglakhir` DATE
    )
BEGIN
set @dbmedikasoft := (select databasename from namadatabase where appname="medikasoft");
  SET @str := 
  	CONCAT("SELECT g.grup, 
        i.namaitem, i.iditemrad
        ,COUNT(td.iditemrad)jumlahperiksa
        #rawat jalan
        ,(select count(t1.notest)
            from rad_test t1
            left JOIN ",@dbmedikasoft,".rawatjalan rj ON t1.nodaftar=rj.faktur_rawatjalan
            inner join rad_testdetail td1 on td1.notest=t1.notest
            where t1.jenisrawat='rawat jalan'
            and (t1.tgltest between '",_tglawal,"' and '",_tglakhir,"')
            and td1.iditemrad=i.iditemrad
            and (rj.idprsh=1 or ISNULL(rj.faktur_rawatjalan))) rj_jmlumum
        ,(select count(rj.faktur_rawatjalan)
            from ",@dbmedikasoft,".rawatjalan rj
            inner JOIN rad_test t1 ON t1.nodaftar=rj.faktur_rawatjalan
            inner join rad_testdetail td1 on td1.notest=t1.notest
            where t1.jenisrawat='rawat jalan'
            and (t1.tgltest between '",_tglawal,"' and '",_tglakhir,"')
            and td1.iditemrad=i.iditemrad
            and rj.idprsh=6) rj_jmlbpjs
        ,(select count(rj.faktur_rawatjalan)
            from ",@dbmedikasoft,".rawatjalan rj
            inner JOIN rad_test t1 ON t1.nodaftar=rj.faktur_rawatjalan
            inner join rad_testdetail td1 on td1.notest=t1.notest
            where t1.jenisrawat='rawat jalan'
            and (t1.tgltest between '",_tglawal,"' and '",_tglakhir,"')
            and td1.iditemrad=i.iditemrad
            and rj.idprsh not in (1,6)) rj_jmllain
        #rawat inap
        ,(select count(ri.faktur_rawatinap)
            from ",@dbmedikasoft,".rawatinap ri
            inner JOIN rad_test t1 ON t1.nodaftar=ri.faktur_rawatinap
            inner join rad_testdetail td1 on td1.notest=t1.notest
            where t1.jenisrawat='rawat inap'
            and (t1.tgltest between '",_tglawal,"' and '",_tglakhir,"')
            and td1.iditemrad=i.iditemrad
            and ri.idprsh=1) ri_jmlumum
        ,(select count(ri.faktur_rawatinap)
            from ",@dbmedikasoft,".rawatinap ri
            inner JOIN rad_test t1 ON t1.nodaftar=ri.faktur_rawatinap
            inner join rad_testdetail td1 on td1.notest=t1.notest
            where t1.jenisrawat='rawat inap'
            and (t1.tgltest between '",_tglawal,"' and '",_tglakhir,"')
            and td1.iditemrad=i.iditemrad
            and ri.idprsh=6) ri_jmlbpjs
        ,(select count(ri.faktur_rawatinap)
            from ",@dbmedikasoft,".rawatinap ri
            inner JOIN rad_test t1 ON t1.nodaftar=ri.faktur_rawatinap
            inner join rad_testdetail td1 on td1.notest=t1.notest
            where t1.jenisrawat='rawat inap'
            and (t1.tgltest between '",_tglawal,"' and '",_tglakhir,"')
            and td1.iditemrad=i.iditemrad
            and ri.idprsh not in (1,6)) ri_jmllain
        #pasien luar
        ,(select count(t1.notest)
            from rad_test t1
            inner join rad_testdetail td1 on td1.notest=t1.notest
            where t1.jenisrawat='pasien luar'
            and (t1.tgltest between '",_tglawal,"' and '",_tglakhir,"')
            and td1.iditemrad=i.iditemrad) jmlpasienluar
        FROM rad_testdetail td                      
        inner JOIN rad_test t ON td.notest=t.notest 
        inner JOIN rad_itempemeriksaan i ON i.iditemrad=td.iditemrad
        LEFT JOIN rad_grup g ON g.idgrup=i.idgrup                   
        WHERE t.tgltest BETWEEN  '",_tglawal,"' and '",_tglakhir,"'

        GROUP BY iditemrad
        ORDER BY i.idgrup");
  PREPARE stmt3 FROM @str;
  EXECUTE stmt3;

  DEALLOCATE PREPARE stmt3;
END */$$
DELIMITER ;

/* Procedure structure for procedure `sp_kartu_stok_taking` */

/*!50003 DROP PROCEDURE IF EXISTS  `sp_kartu_stok_taking` */;

DELIMITER $$

/*!50003 CREATE DEFINER=`root`@`%` PROCEDURE `sp_kartu_stok_taking`( 
        IN nostoktaking_in VARCHAR(20) 
    )
BEGIN 
	DECLARE kodebarang1,nostoktaking1 VARCHAR(20); 
    DECLARE idgudang1,iduser1, 
            nourut1,idsatuan1,idsatuanasli INTEGER DEFAULT 0; 
    DECLARE tanggal1 DATETIME; 
    DECLARE stok1,stokmasuk1,stokkeluar1, 
            hargamasuk1,hargakeluar1, 
            hargataking1 DECIMAL(19,4) DEFAULT 0; 
    DECLARE exit_loop BOOLEAN;  
	DECLARE crs_update_stok CURSOR FOR  
		SELECT sd.kodebarang,sd.idgudang,s.nostoktaking, 
        	s.tanggal,sd.qty,s.iduser,sd.harga, 
            0, 
            sd.idsatuan     
    	FROM stoktaking_detail sd 
        LEFT JOIN stoktaking s ON s.nostoktaking=sd.nostoktaking 
    	WHERE (sd.nostoktaking=nostoktaking_in); 
     
    DECLARE CONTINUE HANDLER FOR NOT FOUND 
    SET exit_loop = TRUE; 
     
    OPEN crs_update_stok; 
     
    takingdetail_loop: LOOP 
    BEGIN 
      FETCH crs_update_stok INTO  
      	kodebarang1,idgudang1,nostoktaking1, 
        tanggal1,stok1,iduser1,hargataking1, 
        nourut1,idsatuan1; 
         
      IF exit_loop THEN 
      	CLOSE crs_update_stok; 
        LEAVE takingdetail_loop; 
      END IF; 
      	select coalesce((select max(ks.nourut) from kartu_stok ks 
    			where (ks.kodebarang=kodebarang1) and  
                      (ks.idgudang=idgudang1)),0) into nourut1; 
        SELECT idsatuan INTO idsatuanasli FROM barang WHERE kodebarang=kodebarang1; 
        IF idsatuan1<>idsatuanasli THEN 
        	SELECT (stok1*jumlahkonv*jumlahasli) INTO stok1 FROM barang_satuan 
            	WHERE kodebarang=kodebarang1  
                AND idsatuan_konv=idsatuan1;             
             
            set hargataking1=hargataking1/stok1; 
        END IF; 
         
       
        IF stok1>0 THEN 
          BEGIN 
        	SET stokmasuk1:=stok1; 
            SET hargamasuk1:=hargataking1; 
          END; 
          ELSE IF stok1<0 THEN 
            BEGIN 
        	  SET stokkeluar1:=stok1*-1; 
              SET hargakeluar1:=hargataking1; 
            END; 
          	ELSE IF stok1=0 THEN 
              BEGIN 
                SET stokkeluar1:=0; 
                SET hargakeluar1:=0; 
                SET stokmasuk1:=0; 
            	SET hargamasuk1:=0; 
              END; 
            END IF; 
          END IF; 
        END IF; 
         
      	INSERT INTO kartu_stok  
        	VALUES(kodebarang1,idgudang1,nourut1+1,nostoktaking1, 
            	   tanggal1,stokmasuk1,hargamasuk1,stokkeluar1,hargakeluar1, 
                   4,((stokmasuk1+stokkeluar1)*hargataking1), 
                   iduser1); 
		INSERT IGNORE INTO barang_stok VALUES(kodebarang1,idgudang1); 
        UPDATE barang_harga SET hargajual=hargataking1  
        	WHERE (idharga=1) AND (kodebarang=kodebarang1); 
    END;     
    END LOOP takingdetail_loop; 
END */$$
DELIMITER ;

/* Procedure structure for procedure `sp_kode` */

/*!50003 DROP PROCEDURE IF EXISTS  `sp_kode` */;

DELIMITER $$

/*!50003 CREATE DEFINER=`root`@`%` PROCEDURE `sp_kode`(IN `tabel2` VARCHAR(20), OUT `kode2` VARCHAR(20)
    )
BEGIN

	DECLARE noakhir2 INT;

    SELECT (noakhir+1) INTO noakhir2 FROM tempnomor WHERE tabel = tabel2 ;

    

    SELECT CONCAT(prefix,RIGHT(10000000+noakhir2,7)) INTO kode2

    	FROM tempnomor WHERE tabel=tabel2;

    UPDATE tempnomor SET noakhir=noakhir2 WHERE tabel=tabel2;

END */$$
DELIMITER ;

/*Table structure for table `vw_jenisjual` */

DROP TABLE IF EXISTS `vw_jenisjual`;

/*!50001 DROP VIEW IF EXISTS `vw_jenisjual` */;
/*!50001 DROP TABLE IF EXISTS `vw_jenisjual` */;

/*!50001 CREATE TABLE  `vw_jenisjual`(
 `idjenisjual` bigint(20) ,
 `jenisjual` varchar(11) 
)*/;

/*View structure for view vw_jenisjual */

/*!50001 DROP TABLE IF EXISTS `vw_jenisjual` */;
/*!50001 DROP VIEW IF EXISTS `vw_jenisjual` */;

/*!50001 CREATE ALGORITHM=UNDEFINED DEFINER=`root`@`%` SQL SECURITY DEFINER VIEW `vw_jenisjual` AS select 1 AS `idjenisjual`,'rawat jalan' AS `jenisjual` union select 2 AS `2`,'rawat inap' AS `rawat inap` union select 3 AS `3`,'jual bebas' AS `jual bebas` */;

/*!40101 SET SQL_MODE=@OLD_SQL_MODE */;
/*!40014 SET FOREIGN_KEY_CHECKS=@OLD_FOREIGN_KEY_CHECKS */;
/*!40014 SET UNIQUE_CHECKS=@OLD_UNIQUE_CHECKS */;
/*!40111 SET SQL_NOTES=@OLD_SQL_NOTES */;
